Date,Day,Month,Year,Is_Weekend,Income,Food_Expense,Health_Expense,Travel_Expense,Other_Expense,Total_Expense,Savings,Cumulative_Savings,Risk_Level,Rolling_7Day_Total_Expense_Avg,Rolling_30Day_Total_Expense_Avg,Rolling_7Day_Savings_Avg,Lag_1Day_Expense,Lag_7Day_Expense,Expense_To_Income_Ratio,Target_Next_7Day_Total_Expense
2023-01-01,Sunday,January,2023,1,30397.37,461.3,0.0,1145.21,200.28,1806.79,28590.58,78590.58,Low,1806.79,1806.79,28590.58,1806.79,1806.79,0.0594,875.37
2023-01-02,Monday,January,2023,0,9759.28,321.83,0.0,201.7,126.06,649.59,9109.69,87700.27,Low,1228.19,1228.19,18850.14,1806.79,1806.79,0.0666,668.95
2023-01-03,Tuesday,January,2023,0,0.0,398.99,0.0,119.04,141.59,659.62,-659.62,87040.65,Low,1038.67,1038.67,12346.88,649.59,1806.79,0.0,716.65
2023-01-04,Wednesday,January,2023,0,0.0,354.05,0.0,123.01,201.89,678.95,-678.95,86361.7,Low,948.74,948.74,9090.43,659.62,1806.79,0.0,820.26
2023-01-05,Thursday,January,2023,0,9591.08,313.96,0.0,168.33,80.51,562.8,9028.28,95389.98,Low,871.55,871.55,9078.0,678.95,1806.79,0.0587,646.79
2023-01-06,Friday,January,2023,0,9274.56,399.35,0.0,131.17,186.68,717.2,8557.36,103947.34,Low,845.82,845.82,8991.22,562.8,1806.79,0.0773,608.61
2023-01-07,Saturday,January,2023,1,0.0,490.21,0.0,0.0,147.17,637.38,-637.38,103309.96,Low,816.05,816.05,7615.71,717.2,1806.79,0.0,1355.62
2023-01-08,Sunday,January,2023,1,0.0,543.92,0.0,262.81,68.64,875.37,-875.37,102434.59,Low,682.99,823.46,3406.29,637.38,1806.79,0.0,593.32
2023-01-09,Monday,January,2023,0,0.0,384.93,0.0,215.51,68.51,668.95,-668.95,101765.64,Low,685.75,806.29,2009.34,875.37,649.59,0.0,683.59
2023-01-10,Tuesday,January,2023,0,0.0,369.88,0.0,219.02,127.75,716.65,-716.65,101048.99,Low,693.9,797.33,2001.19,668.95,659.62,0.0,7839.97
2023-01-11,Wednesday,January,2023,0,0.0,400.09,0.0,191.86,228.31,820.26,-820.26,100228.73,Low,714.09,799.41,1981.0,716.65,678.95,0.0,606.94
2023-01-12,Thursday,January,2023,0,0.0,347.85,0.0,242.59,56.35,646.79,-646.79,99581.94,Low,726.09,786.7,598.85,820.26,562.8,0.0,749.13
2023-01-13,Friday,January,2023,0,7091.28,355.51,0.0,100.5,152.6,608.61,6482.67,106064.61,Low,710.57,773.0,302.47,646.79,717.2,0.0858,596.96
2023-01-14,Saturday,January,2023,1,0.0,455.31,513.65,290.02,96.64,1355.62,-1355.62,104708.99,Low,813.18,814.61,199.86,608.61,637.38,0.0,2281.37
2023-01-15,Sunday,January,2023,1,29658.5,415.63,0.0,0.0,177.69,593.32,29065.18,133774.17,Low,772.89,799.86,4477.08,1355.62,875.37,0.02,1155.54
2023-01-16,Monday,January,2023,0,0.0,330.34,0.0,173.55,179.7,683.59,-683.59,133090.58,Low,774.98,792.59,4474.99,593.32,668.95,0.0,1127.59
2023-01-17,Tuesday,January,2023,0,0.0,374.24,1779.1,103.25,5583.38,7839.97,-7839.97,125250.61,High,1792.59,1207.14,3457.37,683.59,716.65,0.0,512.12
2023-01-18,Wednesday,January,2023,0,0.0,348.41,0.0,172.31,86.22,606.94,-606.94,124643.67,Low,1762.12,1173.8,3487.85,7839.97,820.26,0.0,1721.85
2023-01-19,Thursday,January,2023,0,0.0,368.09,0.0,148.99,232.05,749.13,-749.13,123894.54,Low,1776.74,1151.45,3473.23,606.94,646.79,0.0,862.45
2023-01-20,Friday,January,2023,0,0.0,396.39,0.0,140.38,60.19,596.96,-596.96,123297.58,Low,1775.08,1123.72,2461.85,749.13,608.61,0.0,797.7
2023-01-21,Saturday,January,2023,1,0.0,1841.14,0.0,293.55,146.68,2281.37,-2281.37,121016.21,Medium,1907.33,1178.85,2329.6,596.96,1355.62,0.0,4268.32
2023-01-22,Sunday,January,2023,1,0.0,409.06,266.07,298.0,182.41,1155.54,-1155.54,119860.67,Low,1987.64,1177.79,-1987.64,2281.37,593.32,0.0,7809.57
2023-01-23,Monday,January,2023,0,0.0,330.68,434.9,130.52,231.49,1127.59,-1127.59,118733.08,Low,2051.07,1175.61,-2051.07,1155.54,683.59,0.0,2871.47
2023-01-24,Tuesday,January,2023,0,0.0,270.77,0.0,189.05,52.3,512.12,-512.12,118220.96,Low,1004.24,1147.96,-1004.24,1127.59,7839.97,0.0,4899.26
2023-01-25,Wednesday,January,2023,0,0.0,1393.81,0.0,221.97,106.07,1721.85,-1721.85,116499.11,Medium,1163.51,1170.92,-1163.51,512.12,606.94,0.0,778.81
2023-01-26,Thursday,January,2023,0,0.0,429.51,0.0,218.54,214.4,862.45,-862.45,115636.66,Low,1179.7,1159.05,-1179.7,1721.85,749.13,0.0,5262.4
2023-01-27,Friday,January,2023,0,0.0,374.77,0.0,215.15,207.78,797.7,-797.7,114838.96,Low,1208.37,1145.67,-1208.37,862.45,596.96,0.0,1745.34
2023-01-28,Saturday,January,2023,1,0.0,453.09,0.0,0.0,3815.23,4268.32,-4268.32,110570.64,High,1492.22,1257.19,-1492.22,797.7,2281.37,0.0,1007.95
2023-01-29,Sunday,January,2023,1,0.0,462.45,3161.92,1962.74,2222.46,7809.57,-7809.57,102761.07,High,2442.8,1483.14,-2442.8,4268.32,1155.54,0.0,425.9
2023-01-30,Monday,January,2023,0,0.0,394.42,0.0,189.24,2287.81,2871.47,-2871.47,99889.6,Medium,2691.93,1529.42,-2691.93,7809.57,1127.59,0.0,662.7
2023-01-31,Tuesday,January,2023,0,0.0,301.46,0.0,141.64,4456.16,4899.26,-4899.26,94990.34,High,3318.66,1632.5,-3318.66,2871.47,512.12,0.0,679.65
2023-02-01,Wednesday,February,2023,0,31105.6,351.44,0.0,214.88,212.49,778.81,30326.79,125317.13,Low,3183.94,1636.81,1259.72,4899.26,1721.85,0.025,2278.72
2023-02-02,Thursday,February,2023,0,0.0,331.08,0.0,210.36,4720.96,5262.4,-5262.4,120054.73,High,3812.5,1790.23,631.15,778.81,862.45,0.0,759.01
2023-02-03,Friday,February,2023,0,0.0,1235.99,312.09,115.49,81.77,1745.34,-1745.34,118309.39,Medium,3947.88,1825.78,495.78,5262.4,797.7,0.0,714.38
2023-02-04,Saturday,February,2023,1,0.0,517.02,0.0,259.41,231.52,1007.95,-1007.95,117301.44,Low,3482.11,1840.62,961.54,1745.34,4268.32,0.0,1083.09
2023-02-05,Sunday,February,2023,1,0.0,369.56,0.0,0.0,56.34,425.9,-425.9,116875.54,Low,2427.3,1830.91,2016.35,1007.95,7809.57,0.0,836.49
2023-02-06,Monday,February,2023,0,0.0,303.69,0.0,246.45,112.56,662.7,-662.7,116212.84,Low,2111.77,1831.75,2331.89,425.9,2871.47,0.0,923.2
2023-02-07,Tuesday,February,2023,0,0.0,274.35,0.0,216.71,188.59,679.65,-679.65,115533.19,Low,1508.96,1825.23,2934.69,662.7,4899.26,0.0,896.09
2023-02-08,Wednesday,February,2023,0,0.0,306.16,0.0,128.8,1843.76,2278.72,-2278.72,113254.47,Medium,1723.24,1878.88,-1723.24,679.65,778.81,0.0,673.7
2023-02-09,Thursday,February,2023,0,0.0,335.76,0.0,254.88,168.37,759.01,-759.01,112495.46,Low,1079.9,1880.3,-1079.9,2278.72,5262.4,0.0,753.83
2023-02-10,Friday,February,2023,0,0.0,447.94,0.0,122.79,143.65,714.38,-714.38,111781.08,Low,932.62,1876.77,-932.62,759.01,1745.34,0.0,1147.52
2023-02-11,Saturday,February,2023,1,0.0,505.3,0.0,292.73,285.06,1083.09,-1083.09,110697.99,Low,943.35,1891.31,-943.35,714.38,1007.95,0.0,848.89
2023-02-12,Sunday,February,2023,1,0.0,546.19,0.0,0.0,290.3,836.49,-836.49,109861.5,Low,1002.01,1898.91,-1002.01,1083.09,425.9,0.0,550.78
2023-02-13,Monday,February,2023,0,0.0,320.81,160.47,188.3,253.62,923.2,-923.2,108938.3,Low,1039.22,1884.49,-1039.22,836.49,662.7,0.0,554.15
2023-02-14,Tuesday,February,2023,0,0.0,407.12,0.0,238.1,250.87,896.09,-896.09,108042.21,Low,1070.14,1894.59,-1070.14,923.2,679.65,0.0,832.56
2023-02-15,Wednesday,February,2023,0,30441.39,307.39,0.0,231.11,135.2,673.7,29767.69,137809.9,Low,840.85,1894.26,3507.92,896.09,2278.72,0.0221,669.86
2023-02-16,Thursday,February,2023,0,0.0,314.51,0.0,163.68,275.64,753.83,-753.83,137056.07,Low,840.11,1658.05,3508.66,673.7,759.01,0.0,670.93
2023-02-17,Friday,February,2023,0,0.0,365.7,325.14,169.16,287.52,1147.52,-1147.52,135908.55,Low,901.99,1676.07,3446.78,753.83,714.38,0.0,644.19
2023-02-18,Saturday,February,2023,1,0.0,422.84,0.0,187.96,238.09,848.89,-848.89,135059.66,Low,868.53,1679.4,3480.24,1147.52,1083.09,0.0,1794.87
2023-02-19,Sunday,February,2023,1,0.0,471.51,0.0,0.0,79.27,550.78,-550.78,134508.88,Low,827.72,1677.86,3521.05,848.89,836.49,0.0,4312.4
2023-02-20,Monday,February,2023,0,0.0,296.16,0.0,189.8,68.19,554.15,-554.15,133954.73,Low,774.99,1620.28,3573.78,550.78,923.2,0.0,598.8
2023-02-21,Tuesday,February,2023,0,0.0,319.58,0.0,226.17,286.81,832.56,-832.56,133122.17,Low,765.92,1609.52,3582.85,554.15,896.09,0.0,5066.37
2023-02-22,Wednesday,February,2023,0,0.0,321.36,0.0,192.44,156.06,669.86,-669.86,132452.31,Low,765.37,1594.26,-765.37,832.56,673.7,0.0,750.99
2023-02-23,Thursday,February,2023,0,0.0,438.52,0.0,152.71,79.7,670.93,-670.93,131781.38,Low,753.53,1599.55,-753.53,669.86,753.83,0.0,1175.78
2023-02-24,Friday,February,2023,0,0.0,347.11,0.0,175.65,121.43,644.19,-644.19,131137.19,Low,681.62,1563.63,-681.62,670.93,1147.52,0.0,3798.22
2023-02-25,Saturday,February,2023,1,0.0,505.04,0.0,1107.9,181.93,1794.87,-1794.87,129342.32,Medium,816.76,1594.71,-816.76,644.19,848.89,0.0,700.13
2023-02-26,Sunday,February,2023,1,6430.83,474.49,0.0,236.36,3601.55,4312.4,2118.43,131460.75,Medium,1354.14,1711.87,-435.45,1794.87,550.78,0.6706,7672.71
2023-02-27,Monday,February,2023,0,0.0,379.88,0.0,121.89,97.03,598.8,-598.8,130861.95,Low,1360.52,1589.55,-441.83,4312.4,554.15,0.0,637.19
2023-02-28,Tuesday,February,2023,0,0.0,397.04,0.0,193.67,4475.66,5066.37,-5066.37,125795.58,High,1965.35,1498.11,-1046.66,598.8,832.56,0.0,823.59
2023-03-01,Wednesday,March,2023,0,31500.94,270.79,170.35,253.26,56.59,750.99,30749.95,156545.53,Low,1976.94,1427.43,3441.89,5066.37,669.86,0.0238,2890.79
2023-03-02,Thursday,March,2023,0,0.0,247.21,527.25,234.15,167.17,1175.78,-1175.78,155369.75,Low,2049.06,1303.31,3369.77,750.99,670.93,0.0,788.6
2023-03-03,Friday,March,2023,0,0.0,350.31,3154.19,181.88,111.84,3798.22,-3798.22,151571.53,High,2499.63,1403.96,2919.19,1175.78,644.19,0.0,1581.14
2023-03-04,Saturday,March,2023,1,0.0,482.24,0.0,0.0,217.89,700.13,-700.13,150871.4,Low,2343.24,1251.88,3075.58,3798.22,1794.87,0.0,870.44
2023-03-05,Sunday,March,2023,1,0.0,514.17,398.36,268.28,6491.9,7672.71,-7672.71,143198.69,High,2823.29,1449.46,1676.85,700.13,4312.4,0.0,736.18
2023-03-06,Monday,March,2023,0,0.0,292.1,0.0,207.44,137.65,637.19,-637.19,142561.5,Low,2828.77,1437.1,1671.36,7672.71,598.8,0.0,4037.73
2023-03-07,Tuesday,March,2023,0,0.0,403.16,0.0,174.52,245.91,823.59,-823.59,141737.91,Low,2222.66,1450.36,2277.48,637.19,5066.37,0.0,732.31
2023-03-08,Wednesday,March,2023,0,0.0,247.8,2333.02,177.78,132.19,2890.79,-2890.79,138847.12,Medium,2528.34,1524.63,-2528.34,823.59,750.99,0.0,1903.92
2023-03-09,Thursday,March,2023,0,0.0,372.0,0.0,142.4,274.2,788.6,-788.6,138058.52,Low,2473.03,1528.26,-2473.03,2890.79,1175.78,0.0,708.75
2023-03-10,Friday,March,2023,0,0.0,1325.92,0.0,160.97,94.25,1581.14,-1581.14,136477.38,Medium,2156.31,1505.01,-2156.31,788.6,3798.22,0.0,726.84
2023-03-11,Saturday,March,2023,1,0.0,356.34,0.0,307.12,206.98,870.44,-870.44,135606.94,Low,2180.64,1508.72,-2180.64,1581.14,700.13,0.0,456.59
2023-03-12,Sunday,March,2023,1,0.0,456.99,0.0,183.06,96.13,736.18,-736.18,134870.76,Low,1189.7,1509.45,-1189.7,870.44,7672.71,0.0,5612.07
2023-03-13,Monday,March,2023,0,0.0,492.45,0.0,167.57,3377.71,4037.73,-4037.73,130833.03,High,1675.5,1607.94,-1675.5,736.18,637.19,0.0,1056.27
2023-03-14,Tuesday,March,2023,0,0.0,351.72,0.0,218.74,161.85,732.31,-732.31,130100.72,Low,1662.46,1604.46,-1662.46,4037.73,823.59,0.0,746.92
2023-03-15,Wednesday,March,2023,0,29351.6,1482.22,0.0,149.07,272.63,1903.92,27447.68,157548.4,Low,1521.47,1637.16,2671.61,732.31,2890.79,0.0649,619.68
2023-03-16,Thursday,March,2023,0,0.0,328.95,0.0,183.09,196.71,708.75,-708.75,156839.65,Low,1510.07,1630.91,2683.02,1903.92,788.6,0.0,806.33
2023-03-17,Friday,March,2023,0,0.0,298.32,0.0,235.83,192.69,726.84,-726.84,156112.81,Low,1388.02,1632.68,2805.06,708.75,1581.14,0.0,564.32
2023-03-18,Saturday,March,2023,1,0.0,366.42,0.0,0.0,90.17,456.59,-456.59,155656.22,Low,1328.9,1622.77,2864.18,726.84,870.44,0.0,783.71
2023-03-19,Sunday,March,2023,1,0.0,476.43,1457.69,3423.68,254.27,5612.07,-5612.07,150044.15,High,2025.46,1771.59,2167.63,456.59,736.18,0.0,459.31
2023-03-20,Monday,March,2023,0,0.0,300.14,400.54,113.22,242.37,1056.27,-1056.27,148987.88,Low,1599.54,1778.5,2593.55,5612.07,4037.73,0.0,727.97
2023-03-21,Tuesday,March,2023,0,0.0,382.6,0.0,161.66,202.66,746.92,-746.92,148240.96,Low,1601.62,1785.04,2591.46,1056.27,732.31,0.0,4895.63
2023-03-22,Wednesday,March,2023,0,0.0,331.6,0.0,153.93,134.15,619.68,-619.68,147621.28,Low,1418.16,1787.23,-1418.16,746.92,1903.92,0.0,2315.67
2023-03-23,Thursday,March,2023,0,9919.68,352.84,0.0,213.43,240.06,806.33,9113.35,156734.63,Low,1432.1,1786.35,-15.0,619.68,708.75,0.0813,2922.32
2023-03-24,Friday,March,2023,0,0.0,282.22,0.0,186.79,95.31,564.32,-564.32,156170.31,Low,1408.88,1782.83,8.21,806.33,726.84,0.0,2710.05
2023-03-25,Saturday,March,2023,1,0.0,479.74,212.9,0.0,91.07,783.71,-783.71,155386.6,Low,1455.61,1786.59,-38.52,564.32,456.59,0.0,730.74
2023-03-26,Sunday,March,2023,1,0.0,293.64,0.0,0.0,165.67,459.31,-459.31,154927.29,Low,719.51,1780.43,697.59,783.71,5612.07,0.0,478.27
2023-03-27,Monday,March,2023,0,0.0,371.65,0.0,170.43,185.89,727.97,-727.97,154199.32,Low,672.61,1744.87,744.49,459.31,1056.27,0.0,623.34
2023-03-28,Tuesday,March,2023,0,0.0,399.39,432.47,145.01,3918.76,4895.63,-4895.63,149303.69,High,1265.28,1764.31,151.82,727.97,746.92,0.0,640.8
2023-03-29,Wednesday,March,2023,0,0.0,325.98,0.0,136.34,1853.35,2315.67,-2315.67,146988.02,Medium,1507.56,1821.54,-90.47,4895.63,619.68,0.0,625.04
2023-03-30,Thursday,March,2023,0,0.0,300.98,0.0,231.48,2389.86,2922.32,-2922.32,144065.7,Medium,1809.85,1750.07,-1809.85,2315.67,806.33,0.0,628.88
2023-03-31,Friday,March,2023,0,0.0,323.32,0.0,114.71,2272.02,2710.05,-2710.05,141355.65,Medium,2116.38,1815.37,-2116.38,2922.32,564.32,0.0,736.91
2023-04-01,Saturday,April,2023,1,30224.77,400.34,0.0,275.87,54.53,730.74,29494.03,170849.68,Low,2108.81,1800.54,2209.01,2710.05,783.71,0.0242,12360.36
2023-04-02,Sunday,April,2023,1,0.0,284.2,0.0,0.0,194.07,478.27,-478.27,170371.41,Low,2111.52,1689.87,2206.3,730.74,459.31,0.0,626.75
2023-04-03,Monday,April,2023,0,0.0,361.03,0.0,184.0,78.31,623.34,-623.34,169748.07,Low,2096.57,1687.31,2221.25,478.27,727.97,0.0,451.15
2023-04-04,Tuesday,April,2023,0,0.0,353.34,0.0,223.77,63.69,640.8,-640.8,169107.27,Low,1488.74,1452.92,2829.08,623.34,4895.63,0.0,470.79
2023-04-05,Wednesday,April,2023,0,0.0,401.13,0.0,87.17,136.74,625.04,-625.04,168482.23,Low,1247.22,1452.51,3070.6,640.8,2315.67,0.0,2920.53
2023-04-06,Thursday,April,2023,0,0.0,334.42,0.0,119.87,174.59,628.88,-628.88,167853.35,Low,919.59,1446.02,3398.24,625.04,2922.32,0.0,628.69
2023-04-07,Friday,April,2023,0,0.0,414.83,0.0,106.2,215.88,736.91,-736.91,167116.44,Low,637.71,1374.22,3680.11,628.88,2710.05,0.0,678.0
2023-04-08,Saturday,April,2023,1,0.0,450.72,11528.54,278.62,102.48,12360.36,-12360.36,154756.08,High,2299.09,1759.95,-2299.09,736.91,730.74,0.0,568.73
2023-04-09,Sunday,April,2023,1,0.0,382.87,0.0,0.0,243.88,626.75,-626.75,154129.33,Low,2320.3,1728.14,-2320.3,12360.36,478.27,0.0,840.6
2023-04-10,Monday,April,2023,0,0.0,225.3,0.0,130.37,95.48,451.15,-451.15,153678.18,Low,2295.7,1714.16,-2295.7,626.75,623.34,0.0,600.49
2023-04-11,Tuesday,April,2023,0,0.0,265.55,0.0,148.89,56.35,470.79,-470.79,153207.39,Low,2271.41,1705.31,-2271.41,451.15,640.8,0.0,603.35
2023-04-12,Wednesday,April,2023,0,0.0,344.65,0.0,181.2,2394.68,2920.53,-2920.53,150286.86,Medium,2599.34,1668.07,-2599.34,470.79,625.04,0.0,820.96
2023-04-13,Thursday,April,2023,0,0.0,380.03,0.0,137.87,110.79,628.69,-628.69,149658.17,Low,2599.31,1664.62,-2599.31,2920.53,628.88,0.0,1152.36
2023-04-14,Friday,April,2023,0,0.0,328.34,0.0,226.37,123.29,678.0,-678.0,148980.17,Low,2590.9,1623.76,-2590.9,628.69,736.91,0.0,777.73
2023-04-15,Saturday,April,2023,1,30260.91,371.16,0.0,0.0,197.57,568.73,29692.18,178672.35,Low,906.38,1619.09,3416.61,678.0,12360.36,0.0188,973.3
2023-04-16,Sunday,April,2023,1,0.0,573.48,0.0,0.0,267.12,840.6,-840.6,177831.75,Low,936.93,1622.88,3386.06,568.73,626.75,0.0,1766.68
2023-04-17,Monday,April,2023,0,0.0,219.81,0.0,266.21,114.47,600.49,-600.49,177231.26,Low,958.26,1627.68,3364.73,840.6,451.15,0.0,809.73
2023-04-18,Tuesday,April,2023,0,0.0,390.34,0.0,158.41,54.6,603.35,-603.35,176627.91,Low,977.2,1460.72,3345.79,600.49,470.79,0.0,692.27
2023-04-19,Wednesday,April,2023,0,0.0,303.3,0.0,260.22,257.44,820.96,-820.96,175806.95,Low,677.26,1452.88,3645.73,603.35,2920.53,0.0,2936.95
2023-04-20,Thursday,April,2023,0,3095.09,393.06,418.84,246.62,93.84,1152.36,1942.73,177749.68,Low,752.07,1466.39,4013.07,820.96,628.69,0.3723,604.09
2023-04-21,Friday,April,2023,0,0.0,410.86,0.0,166.08,200.79,777.73,-777.73,176971.95,Low,766.32,1471.66,3998.83,1152.36,678.0,0.0,4168.11
2023-04-22,Saturday,April,2023,1,0.0,488.58,0.0,315.71,169.01,973.3,-973.3,175998.65,Low,824.11,1477.22,-381.96,777.73,568.73,0.0,6139.83
2023-04-23,Sunday,April,2023,1,0.0,1517.69,0.0,115.43,133.56,1766.68,-1766.68,174231.97,Medium,956.41,1517.3,-514.25,973.3,840.6,0.0,3954.35
2023-04-24,Monday,April,2023,0,0.0,392.02,0.0,259.0,158.71,809.73,-809.73,173422.24,Low,986.3,1518.17,-544.15,1766.68,600.49,0.0,649.49
2023-04-25,Tuesday,April,2023,0,0.0,347.16,0.0,204.87,140.24,692.27,-692.27,172729.97,Low,999.0,1525.94,-556.85,809.73,603.35,0.0,10375.73
2023-04-26,Wednesday,April,2023,0,0.0,255.79,2225.81,187.11,268.24,2936.95,-2936.95,169793.02,Medium,1301.29,1599.57,-859.13,692.27,820.96,0.0,752.18
2023-04-27,Thursday,April,2023,0,0.0,269.88,0.0,161.85,172.36,604.09,-604.09,169188.93,Low,1222.96,1456.52,-1222.96,2936.95,1152.36,0.0,617.6
2023-04-28,Friday,April,2023,0,0.0,387.98,0.0,197.18,3582.95,4168.11,-4168.11,165020.82,High,1707.3,1518.27,-1707.3,604.09,777.73,0.0,641.85
2023-04-29,Saturday,April,2023,1,7579.36,489.32,586.98,2185.54,2877.99,6139.83,1439.53,166460.35,Medium,2445.38,1625.52,-1362.61,4168.11,973.3,0.8101,4259.6
2023-04-30,Sunday,April,2023,1,6770.16,437.31,0.0,0.0,3517.04,3954.35,2815.81,169276.16,Medium,2757.9,1666.99,-707.97,6139.83,1766.68,0.5841,502.24
2023-05-01,Monday,May,2023,0,29752.66,402.07,0.0,191.32,56.1,649.49,29103.17,198379.33,Low,2735.01,1664.28,3565.3,3954.35,809.73,0.0218,846.36
2023-05-02,Tuesday,May,2023,0,8997.61,392.8,9559.25,181.88,241.8,10375.73,-1378.12,197001.21,High,4118.36,1994.2,3467.32,649.49,692.27,1.1532,978.32
2023-05-03,Wednesday,May,2023,0,0.0,405.19,0.0,192.55,154.44,752.18,-752.18,196249.03,Low,3806.25,1998.49,3779.43,10375.73,2936.95,0.0,632.28
2023-05-04,Thursday,May,2023,0,0.0,324.79,0.0,168.73,124.08,617.6,-617.6,195631.43,Low,3808.18,1997.72,3777.5,752.18,604.09,0.0,650.07
2023-05-05,Friday,May,2023,0,2142.99,347.92,0.0,189.37,104.56,641.85,1501.14,197132.57,Low,3304.43,1998.28,4587.39,617.6,4168.11,0.2995,812.35
2023-05-06,Saturday,May,2023,1,0.0,459.08,2275.02,1417.58,107.92,4259.6,-4259.6,192872.97,High,3035.83,2119.31,3773.23,641.85,6139.83,0.0,1564.77
2023-05-07,Sunday,May,2023,1,0.0,405.63,0.0,0.0,96.61,502.24,-502.24,192370.73,Low,2542.67,2111.48,3299.22,4259.6,3954.35,0.0,1173.36
2023-05-08,Monday,May,2023,0,0.0,435.23,0.0,157.17,253.96,846.36,-846.36,191524.37,Low,2570.79,1727.68,-979.28,502.24,649.49,0.0,834.41
2023-05-09,Tuesday,May,2023,0,0.0,491.44,0.0,217.51,269.37,978.32,-978.32,190546.05,Low,1228.31,1739.4,-922.17,846.36,10375.73,0.0,668.59
2023-05-10,Wednesday,May,2023,0,0.0,367.15,0.0,193.38,71.75,632.28,-632.28,189913.77,Low,1211.18,1745.44,-905.04,978.32,752.18,0.0,617.13
2023-05-11,Thursday,May,2023,0,0.0,403.05,0.0,141.97,105.05,650.07,-650.07,189263.7,Low,1215.82,1751.42,-909.68,632.28,617.6,0.0,663.75
2023-05-12,Friday,May,2023,0,8809.66,141.15,306.51,145.19,219.5,812.35,7997.31,197261.01,Low,1240.17,1681.14,18.35,650.07,641.85,0.0922,4112.9
2023-05-13,Saturday,May,2023,1,0.0,491.94,540.28,312.51,220.04,1564.77,-1564.77,195696.24,Medium,855.2,1712.35,403.32,812.35,4259.6,0.0,2270.53
2023-05-14,Sunday,May,2023,1,0.0,497.25,542.33,0.0,133.78,1173.36,-1173.36,194522.88,Low,951.07,1728.86,307.45,1564.77,502.24,0.0,812.76
2023-05-15,Monday,May,2023,0,30294.94,326.4,0.0,212.71,295.3,834.41,29460.53,223983.41,Low,949.37,1737.71,4637.01,1173.36,846.36,0.0275,658.7
2023-05-16,Tuesday,May,2023,0,0.0,260.64,0.0,167.69,240.26,668.59,-668.59,223314.82,Low,905.12,1731.98,4681.25,834.41,978.32,0.0,845.64
2023-05-17,Wednesday,May,2023,0,0.0,363.15,0.0,187.02,66.96,617.13,-617.13,222697.69,Low,902.95,1732.53,4683.42,668.59,632.28,0.0,1379.15
2023-05-18,Thursday,May,2023,0,0.0,374.51,0.0,227.8,61.44,663.75,-663.75,222033.94,Low,904.91,1734.55,4681.46,617.13,650.07,0.0,2537.62
2023-05-19,Friday,May,2023,0,0.0,258.61,0.0,194.68,3659.61,4112.9,-4112.9,217921.04,High,1376.42,1844.28,2951.43,663.75,812.35,0.0,782.27
2023-05-20,Saturday,May,2023,1,0.0,429.91,0.0,1684.07,156.55,2270.53,-2270.53,215650.51,Medium,1477.24,1881.55,2850.61,4112.9,1564.77,0.0,641.32
2023-05-21,Sunday,May,2023,1,0.0,525.04,0.0,0.0,287.72,812.76,-812.76,214837.75,Low,1425.72,1882.72,2902.12,2270.53,1173.36,0.0,2831.55
2023-05-22,Monday,May,2023,0,0.0,409.24,0.0,130.91,118.55,658.7,-658.7,214179.05,Low,1400.62,1872.23,-1400.62,812.76,834.41,0.0,2274.35
2023-05-23,Tuesday,May,2023,0,0.0,449.61,0.0,129.94,266.09,845.64,-845.64,213333.41,Low,1425.92,1841.53,-1425.92,658.7,668.59,0.0,2758.05
2023-05-24,Wednesday,May,2023,0,0.0,436.63,499.47,202.79,240.26,1379.15,-1379.15,211954.26,Low,1534.78,1860.51,-1534.78,845.64,617.13,0.0,4906.93
2023-05-25,Thursday,May,2023,0,0.0,2281.88,0.0,176.41,79.33,2537.62,-2537.62,209416.64,Medium,1802.47,1922.02,-1802.47,1379.15,663.75,0.0,785.77
2023-05-26,Friday,May,2023,0,0.0,436.41,0.0,150.37,195.49,782.27,-782.27,208634.37,Low,1326.67,1850.2,-1326.67,2537.62,4112.9,0.0,765.52
2023-05-27,Saturday,May,2023,1,0.0,471.34,0.0,0.0,169.98,641.32,-641.32,207993.05,Low,1093.92,1851.44,-1093.92,782.27,2270.53,0.0,2387.45
2023-05-28,Sunday,May,2023,1,0.0,536.15,0.0,0.0,2295.4,2831.55,-2831.55,205161.5,Medium,1382.32,1806.89,-1382.32,641.32,812.76,0.0,940.25
2023-05-29,Monday,May,2023,0,0.0,375.53,0.0,144.95,1753.87,2274.35,-2274.35,202887.15,Medium,1613.13,1678.04,-1613.13,2831.55,658.7,0.0,6170.26
2023-05-30,Tuesday,May,2023,0,0.0,352.26,0.0,219.56,2186.23,2758.05,-2758.05,200129.1,Medium,1886.33,1638.16,-1886.33,2274.35,845.64,0.0,1053.89
2023-05-31,Wednesday,May,2023,0,0.0,387.4,0.0,252.48,4267.05,4906.93,-4906.93,195222.17,High,2390.3,1780.08,-2390.3,2758.05,1379.15,0.0,594.71
2023-06-01,Thursday,June,2023,0,30286.34,356.87,0.0,218.01,210.89,785.77,29500.57,224722.74,Low,2140.03,1460.41,2186.59,4906.93,2537.62,0.0259,733.72
2023-06-02,Friday,June,2023,0,0.0,310.91,0.0,160.64,293.97,765.52,-765.52,223957.22,Low,2137.64,1460.86,2188.98,785.77,782.27,0.0,761.34
2023-06-03,Saturday,June,2023,1,0.0,522.61,0.0,1571.14,293.7,2387.45,-2387.45,221569.77,Medium,2387.09,1519.85,1939.53,765.52,641.32,0.0,436.0
2023-06-04,Sunday,June,2023,1,0.0,563.98,0.0,109.2,267.07,940.25,-940.25,220629.52,Low,2116.9,1529.8,2209.72,2387.45,2831.55,0.0,1176.8
2023-06-05,Monday,June,2023,0,0.0,238.14,5521.42,143.94,266.76,6170.26,-6170.26,214459.26,High,2673.46,1593.49,1653.16,940.25,2274.35,0.0,790.11
2023-06-06,Tuesday,June,2023,0,0.0,343.68,339.77,251.23,119.21,1053.89,-1053.89,213405.37,Low,2430.01,1611.88,1896.61,6170.26,2758.05,0.0,3066.22
2023-06-07,Wednesday,June,2023,0,0.0,381.97,0.0,129.85,82.89,594.71,-594.71,212810.66,Low,1813.98,1603.49,2512.64,1053.89,4906.93,0.0,623.63
2023-06-08,Thursday,June,2023,0,0.0,316.98,0.0,153.14,263.6,733.72,-733.72,212076.94,Low,1806.54,1595.34,-1806.54,594.71,785.77,0.0,4227.14
2023-06-09,Friday,June,2023,0,0.0,340.6,0.0,222.5,198.24,761.34,-761.34,211315.6,Low,1805.95,1599.64,-1805.95,733.72,765.52,0.0,763.71
2023-06-10,Saturday,June,2023,1,0.0,367.63,0.0,0.0,68.37,436.0,-436.0,210879.6,Low,1527.17,1592.5,-1527.17,761.34,2387.45,0.0,13687.45
2023-06-11,Sunday,June,2023,1,0.0,566.53,343.9,174.61,91.76,1176.8,-1176.8,209702.8,Low,1560.96,1604.65,-1560.96,436.0,940.25,0.0,8832.15
2023-06-12,Monday,June,2023,0,7891.22,330.7,0.0,263.07,196.34,790.11,7101.11,216803.91,Low,792.37,1578.83,334.95,1176.8,6170.26,0.1001,904.28
2023-06-13,Tuesday,June,2023,0,0.0,330.39,0.0,157.96,2577.87,3066.22,-3066.22,213737.69,Medium,1079.84,1641.92,47.47,790.11,1053.89,0.0,744.97
2023-06-14,Wednesday,June,2023,0,0.0,338.6,0.0,197.94,87.09,623.63,-623.63,213114.06,Low,1083.97,1634.9,43.34,3066.22,594.71,0.0,673.31
2023-06-15,Thursday,June,2023,0,30111.47,377.15,0.0,263.53,3586.46,4227.14,25884.33,238998.39,Medium,1583.03,1753.52,3845.92,623.63,733.72,0.1404,460.17
2023-06-16,Friday,June,2023,0,0.0,341.62,0.0,155.05,267.04,763.71,-763.71,238234.68,Low,1583.37,1758.4,3845.58,4227.14,761.34,0.0,712.98
2023-06-17,Saturday,June,2023,1,0.0,627.54,2771.47,2544.62,7743.82,13687.45,-13687.45,224547.23,High,3476.44,2192.52,1952.52,763.71,436.0,0.0,961.46
2023-06-18,Sunday,June,2023,1,0.0,385.29,0.0,295.37,8151.49,8832.15,-8832.15,215715.08,High,4570.06,2349.83,858.9,13687.45,1176.8,0.0,882.56
2023-06-19,Monday,June,2023,0,0.0,390.1,0.0,244.55,269.63,904.28,-904.28,214810.8,Low,4586.37,2304.29,-284.73,8832.15,790.11,0.0,672.97
2023-06-20,Tuesday,June,2023,0,0.0,377.21,0.0,208.86,158.9,744.97,-744.97,214065.83,Low,4254.76,2302.03,46.88,904.28,3066.22,0.0,671.17
2023-06-21,Wednesday,June,2023,0,0.0,388.12,0.0,136.15,149.04,673.31,-673.31,213392.52,Low,4261.86,2302.52,39.78,744.97,623.63,0.0,2367.3
2023-06-22,Thursday,June,2023,0,0.0,263.6,0.0,128.27,68.3,460.17,-460.17,212932.35,Low,3723.72,2289.67,-3723.72,673.31,4227.14,0.0,4255.57
2023-06-23,Friday,June,2023,0,0.0,313.94,0.0,219.27,179.77,712.98,-712.98,212219.37,Low,3716.47,2267.46,-3716.47,460.17,763.71,0.0,5081.81
2023-06-24,Saturday,June,2023,1,4729.98,446.19,0.0,274.05,241.22,961.46,3768.52,215987.89,Low,1898.47,2214.93,-1222.76,712.98,13687.45,0.2033,3438.26
2023-06-25,Sunday,June,2023,1,0.0,533.97,177.12,0.0,171.47,882.56,-882.56,215105.33,Low,762.82,2218.27,-87.11,961.46,8832.15,0.0,752.93
2023-06-26,Monday,June,2023,0,0.0,366.87,0.0,103.52,202.58,672.97,-672.97,214432.36,Low,729.77,2219.32,-54.06,882.56,904.28,0.0,770.45
2023-06-27,Tuesday,June,2023,0,0.0,373.81,0.0,202.0,95.36,671.17,-671.17,213761.19,Low,719.23,2147.31,-43.52,672.97,744.97,0.0,596.64
2023-06-28,Wednesday,June,2023,0,0.0,291.9,0.0,235.9,1839.5,2367.3,-2367.3,211393.89,Medium,961.23,2150.41,-285.52,671.17,673.31,0.0,521.87
2023-06-29,Thursday,June,2023,0,0.0,345.49,0.0,168.64,3741.44,4255.57,-4255.57,207138.32,High,1503.43,2200.33,-827.72,2367.3,460.17,0.0,665.03
2023-06-30,Friday,June,2023,0,0.0,374.07,0.0,209.89,4497.85,5081.81,-5081.81,202056.51,High,2127.55,2206.16,-1451.84,4255.57,712.98,0.0,714.6
2023-07-01,Saturday,July,2023,1,29439.33,491.9,0.0,2842.18,104.18,3438.26,26001.07,228057.58,Medium,2481.38,2294.57,1724.24,5081.81,961.46,0.1168,782.03
2023-07-02,Sunday,July,2023,1,7135.77,409.16,0.0,169.58,174.19,752.93,6382.84,234440.42,Low,2462.86,2294.15,2762.16,3438.26,882.56,0.1055,2060.72
2023-07-03,Monday,July,2023,0,0.0,301.78,0.0,245.56,223.11,770.45,-770.45,233669.97,Low,2476.78,2240.25,2748.23,752.93,672.97,0.0,766.82
2023-07-04,Tuesday,July,2023,0,0.0,368.16,0.0,158.63,69.85,596.64,-596.64,233073.33,Low,2466.14,2228.8,2758.88,770.45,671.17,0.0,714.41
2023-07-05,Wednesday,July,2023,0,0.0,315.1,0.0,139.41,67.36,521.87,-521.87,232551.46,Low,2202.5,2040.52,3022.51,596.64,2367.3,0.0,657.53
2023-07-06,Thursday,July,2023,0,8402.85,364.03,0.0,117.76,183.24,665.03,7737.82,240289.28,Low,1689.57,2027.56,4735.85,521.87,4255.57,0.0791,779.83
2023-07-07,Friday,July,2023,0,0.0,391.7,0.0,257.86,65.04,714.6,-714.6,239574.68,Low,1065.68,2031.55,5359.74,665.03,5081.81,0.0,629.14
2023-07-08,Saturday,July,2023,1,0.0,516.14,0.0,129.0,136.89,782.03,-782.03,238792.65,Low,686.22,2033.16,1533.58,714.6,3438.26,0.0,2011.72
2023-07-09,Sunday,July,2023,1,0.0,397.93,0.0,1381.04,281.75,2060.72,-2060.72,236731.93,Medium,873.05,2076.48,327.36,782.03,752.93,0.0,476.27
2023-07-10,Monday,July,2023,0,0.0,489.16,0.0,195.73,81.93,766.82,-766.82,235965.11,Low,872.53,2087.5,327.88,2060.72,770.45,0.0,2918.99
2023-07-11,Tuesday,July,2023,0,0.0,285.76,0.0,144.41,284.24,714.41,-714.41,235250.7,Low,889.35,2072.09,311.05,766.82,596.64,0.0,438.15
2023-07-12,Wednesday,July,2023,0,0.0,283.8,0.0,93.88,279.85,657.53,-657.53,234593.17,Low,908.73,2067.67,291.67,714.41,521.87,0.0,6363.98
2023-07-13,Thursday,July,2023,0,0.0,326.91,0.0,198.56,254.36,779.83,-779.83,233813.34,Low,925.13,1991.46,-925.13,657.53,665.03,0.0,765.25
2023-07-14,Friday,July,2023,0,0.0,366.04,0.0,192.87,70.23,629.14,-629.14,233184.2,Low,912.93,1991.64,-912.93,779.83,714.6,0.0,760.07
2023-07-15,Saturday,July,2023,1,30429.21,399.72,0.0,1331.31,280.69,2011.72,28417.49,261601.69,Low,1088.6,1917.79,3258.43,629.14,782.03,0.0661,856.59
2023-07-16,Sunday,July,2023,1,0.0,419.82,0.0,0.0,56.45,476.27,-476.27,261125.42,Low,862.25,1908.21,3484.78,2011.72,2060.72,0.0,2281.63
2023-07-17,Monday,July,2023,0,0.0,381.78,2194.75,182.58,159.88,2918.99,-2918.99,258206.43,Medium,1169.7,1549.26,3177.33,476.27,766.82,0.0,675.89
2023-07-18,Tuesday,July,2023,0,0.0,231.47,0.0,141.34,65.34,438.15,-438.15,257768.28,Low,1130.23,1269.46,3216.8,2918.99,714.41,0.0,577.0
2023-07-19,Wednesday,July,2023,0,0.0,375.03,5751.15,157.45,80.35,6363.98,-6363.98,251404.3,High,1945.44,1451.45,2401.59,438.15,657.53,0.0,3718.27
2023-07-20,Thursday,July,2023,0,0.0,325.34,0.0,186.42,253.49,765.25,-765.25,250639.05,Low,1943.36,1452.13,2403.67,6363.98,779.83,0.0,2675.07
2023-07-21,Friday,July,2023,0,0.0,350.18,0.0,138.24,271.65,760.07,-760.07,249878.98,Low,1962.06,1455.02,2384.97,765.25,629.14,0.0,6731.27
2023-07-22,Saturday,July,2023,1,0.0,455.57,0.0,348.26,52.76,856.59,-856.59,249022.39,Low,1797.04,1468.24,-1797.04,760.07,2011.72,0.0,3197.43
2023-07-23,Sunday,July,2023,1,0.0,428.25,0.0,1603.0,250.38,2281.63,-2281.63,246740.76,Medium,2054.95,1520.52,-2054.95,856.59,476.27,0.0,2230.54
2023-07-24,Monday,July,2023,0,0.0,373.51,0.0,227.86,74.52,675.89,-675.89,246064.87,Low,1734.51,1511.01,-1734.51,2281.63,2918.99,0.0,4244.99
2023-07-25,Tuesday,July,2023,0,0.0,340.49,0.0,87.89,148.62,577.0,-577.0,245487.87,Low,1754.34,1500.82,-1754.34,675.89,438.15,0.0,619.75
2023-07-26,Wednesday,July,2023,0,0.0,323.3,3009.88,225.69,159.4,3718.27,-3718.27,241769.6,High,1376.39,1602.33,-1376.39,577.0,6363.98,0.0,724.04
2023-07-27,Thursday,July,2023,0,0.0,2164.87,0.0,236.42,273.78,2675.07,-2675.07,239094.53,Medium,1649.22,1669.13,-1649.22,3718.27,765.25,0.0,646.29
2023-07-28,Friday,July,2023,0,0.0,422.87,0.0,198.4,6110.0,6731.27,-6731.27,232363.26,High,2502.25,1814.59,-2502.25,2675.07,760.07,0.0,627.13
2023-07-29,Saturday,July,2023,1,0.0,417.61,0.0,103.63,2676.19,3197.43,-3197.43,229165.83,Medium,2836.65,1779.32,-2836.65,6731.27,856.59,0.0,1204.42
2023-07-30,Sunday,July,2023,1,0.0,387.7,0.0,0.0,1842.84,2230.54,-2230.54,226935.29,Medium,2829.35,1684.28,-2829.35,3197.43,2281.63,0.0,1580.83
2023-07-31,Monday,July,2023,0,0.0,382.2,0.0,129.9,3732.89,4244.99,-4244.99,222690.3,High,3339.22,1711.17,-3339.22,2230.54,675.89,0.0,902.3
2023-08-01,Tuesday,August,2023,0,29598.03,315.0,0.0,181.54,123.21,619.75,28978.28,251668.58,Low,3345.33,1706.73,882.96,4244.99,577.0,0.0209,686.65
2023-08-02,Wednesday,August,2023,0,0.0,441.71,0.0,200.31,82.02,724.04,-724.04,250944.54,Low,2917.58,1705.18,1310.71,619.75,3718.27,0.0,823.64
2023-08-03,Thursday,August,2023,0,0.0,314.31,0.0,128.75,203.23,646.29,-646.29,250298.25,Low,2627.76,1706.84,1600.53,724.04,2675.07,0.0,7164.93
2023-08-04,Friday,August,2023,0,0.0,336.72,0.0,168.93,121.48,627.13,-627.13,249671.12,Low,1755.74,1710.35,2472.55,646.29,6731.27,0.0,665.92
2023-08-05,Saturday,August,2023,1,0.0,540.34,477.82,0.0,186.26,1204.42,-1204.42,248466.7,Low,1471.02,1728.33,2757.27,627.13,3197.43,0.0,1091.44
2023-08-06,Sunday,August,2023,1,0.0,1404.37,0.0,0.0,176.46,1580.83,-1580.83,246885.87,Medium,1378.21,1757.2,2850.08,1204.42,2230.54,0.0,645.55
2023-08-07,Monday,August,2023,0,0.0,488.02,0.0,223.02,191.26,902.3,-902.3,245983.57,Low,900.68,1761.21,3327.61,1580.83,4244.99,0.0,819.48
2023-08-08,Tuesday,August,2023,0,0.0,427.39,0.0,206.93,52.33,686.65,-686.65,245296.92,Low,910.24,1715.41,-910.24,902.3,619.75,0.0,693.39
2023-08-09,Wednesday,August,2023,0,0.0,427.28,0.0,163.09,233.27,823.64,-823.64,244473.28,Low,924.47,1717.3,-924.47,686.65,724.04,0.0,871.77
2023-08-10,Thursday,August,2023,0,0.0,421.8,0.0,155.61,6587.52,7164.93,-7164.93,237308.35,High,1855.7,1932.32,-1855.7,823.64,646.29,0.0,576.49
2023-08-11,Friday,August,2023,0,0.0,342.74,0.0,196.78,126.4,665.92,-665.92,236642.43,Low,1861.24,1932.6,-1861.24,7164.93,627.13,0.0,655.36
2023-08-12,Saturday,August,2023,1,0.0,406.31,416.87,217.46,50.8,1091.44,-1091.44,235550.99,Low,1845.1,1942.99,-1845.1,665.92,1204.42,0.0,2362.37
2023-08-13,Sunday,August,2023,1,0.0,302.88,0.0,276.46,66.21,645.55,-645.55,234905.44,Low,1711.49,1943.53,-1711.49,1091.44,1580.83,0.0,674.6
2023-08-14,Monday,August,2023,0,0.0,473.69,0.0,228.33,117.46,819.48,-819.48,234085.96,Low,1699.66,1903.79,-1699.66,645.55,902.3,0.0,652.14
2023-08-15,Tuesday,August,2023,0,34019.35,349.8,0.0,183.54,160.05,693.39,33325.96,267411.92,Low,1700.62,1911.03,3159.29,819.48,686.65,0.0204,575.55
2023-08-16,Wednesday,August,2023,0,0.0,438.65,0.0,199.2,233.92,871.77,-871.77,266540.15,Low,1707.5,1842.79,3152.41,693.39,823.64,0.0,749.81
2023-08-17,Thursday,August,2023,0,0.0,268.07,0.0,228.84,79.58,576.49,-576.49,265963.66,Low,766.29,1847.4,4093.62,871.77,7164.93,0.0,1751.8
2023-08-18,Friday,August,2023,0,0.0,384.93,0.0,129.87,140.56,655.36,-655.36,265308.3,Low,764.78,1657.11,4095.12,576.49,665.92,0.0,753.25
2023-08-19,Saturday,August,2023,1,2193.53,500.74,0.0,1746.81,114.82,2362.37,-168.84,265139.46,Low,946.34,1710.35,4226.92,655.36,1091.44,1.077,2791.61
2023-08-20,Sunday,August,2023,1,0.0,442.62,0.0,0.0,231.98,674.6,-674.6,264464.86,Low,950.49,1707.5,4222.77,2362.37,645.55,0.0,2358.1
2023-08-21,Monday,August,2023,0,0.0,374.11,0.0,194.19,83.84,652.14,-652.14,263812.72,Low,926.59,1700.69,4246.68,674.6,819.48,0.0,5355.99
2023-08-22,Tuesday,August,2023,0,0.0,284.13,0.0,175.99,115.43,575.55,-575.55,263237.17,Low,909.75,1643.82,-596.39,652.14,693.39,0.0,3738.82
2023-08-23,Wednesday,August,2023,0,0.0,337.78,0.0,167.85,244.18,749.81,-749.81,262487.36,Low,892.33,1646.28,-578.97,575.55,871.77,0.0,3374.54
2023-08-24,Thursday,August,2023,0,0.0,1319.27,212.66,83.03,136.84,1751.8,-1751.8,260735.56,Medium,1060.23,1685.44,-746.87,749.81,576.49,0.0,6123.71
2023-08-25,Friday,August,2023,0,7310.32,403.04,0.0,117.5,232.71,753.25,6557.07,267292.63,Low,1074.22,1586.61,283.48,1751.8,655.36,0.103,656.25
2023-08-26,Saturday,August,2023,1,0.0,429.65,0.0,2159.83,202.13,2791.61,-2791.61,264501.02,Medium,1135.54,1590.49,-91.21,753.25,2362.37,0.0,1029.97
2023-08-27,Sunday,August,2023,1,0.0,437.93,402.55,1286.92,230.7,2358.1,-2358.1,262142.92,Medium,1376.04,1444.72,-331.71,2791.61,674.6,0.0,1092.92
2023-08-28,Monday,August,2023,0,0.0,317.49,0.0,137.11,4901.39,5355.99,-5355.99,256786.93,High,2048.02,1516.67,-1003.68,2358.1,652.14,0.0,1026.22
2023-08-29,Tuesday,August,2023,0,0.0,174.72,0.0,204.77,3359.33,3738.82,-3738.82,253048.11,High,2499.91,1566.95,-1455.58,5355.99,575.55,0.0,883.97
2023-08-30,Wednesday,August,2023,0,0.0,473.45,0.0,154.16,2746.93,3374.54,-3374.54,249673.57,Medium,2874.87,1537.93,-1830.54,3738.82,749.81,0.0,2150.0
2023-08-31,Thursday,August,2023,0,0.0,302.05,545.81,165.58,5110.27,6123.71,-6123.71,243549.86,High,3499.43,1721.4,-2455.1,3374.54,1751.8,0.0,766.05
2023-09-01,Friday,September,2023,0,32930.77,402.99,0.0,176.89,76.37,656.25,32274.52,275824.38,Low,3485.57,1719.14,1218.82,6123.71,753.25,0.0199,829.38
2023-09-02,Saturday,September,2023,1,0.0,578.57,0.0,257.0,194.4,1029.97,-1029.97,274794.41,Low,3233.91,1731.93,1470.48,656.25,2791.61,0.0,920.39
2023-09-03,Sunday,September,2023,1,0.0,426.48,389.86,147.39,129.19,1092.92,-1092.92,273701.49,Low,3053.17,1747.45,1651.22,1029.97,2358.1,0.0,1097.91
2023-09-04,Monday,September,2023,0,0.0,329.91,444.43,163.85,88.03,1026.22,-1026.22,272675.27,Low,2434.63,1741.51,2269.76,1092.92,5355.99,0.0,737.57
2023-09-05,Tuesday,September,2023,0,0.0,351.45,0.0,236.49,296.03,883.97,-883.97,271791.3,Low,2026.8,1718.28,2677.6,1026.22,3738.82,0.0,1892.19
2023-09-06,Wednesday,September,2023,0,0.0,1750.37,0.0,169.79,229.84,2150.0,-2150.0,269641.3,Medium,1851.86,1759.87,2852.53,883.97,3374.54,0.0,1254.41
2023-09-07,Thursday,September,2023,0,7851.97,370.31,0.0,168.18,227.56,766.05,7085.92,276727.22,Low,1086.48,1762.52,4739.62,2150.0,6123.71,0.0976,885.8
2023-09-08,Friday,September,2023,0,0.0,340.08,0.0,232.24,257.06,829.38,-829.38,275897.84,Low,1111.22,1762.71,10.49,766.05,656.25,0.0,784.85
2023-09-09,Saturday,September,2023,1,0.0,540.59,0.0,142.59,237.21,920.39,-920.39,274977.45,Low,1095.56,1554.56,26.15,829.38,1029.97,0.0,2756.86
2023-09-10,Sunday,September,2023,1,0.0,516.79,362.08,0.0,219.04,1097.91,-1097.91,273879.54,Low,1096.27,1568.96,25.44,920.39,1092.92,0.0,763.67
2023-09-11,Monday,September,2023,0,0.0,325.88,0.0,200.97,210.72,737.57,-737.57,273141.97,Low,1055.04,1557.17,66.67,1097.91,1026.22,0.0,3001.93
2023-09-12,Tuesday,September,2023,0,0.0,1454.72,0.0,152.89,284.58,1892.19,-1892.19,271249.78,Medium,1199.07,1598.72,-77.36,737.57,883.97,0.0,611.58
2023-09-13,Wednesday,September,2023,0,0.0,388.08,451.83,224.39,190.11,1254.41,-1254.41,269995.37,Low,1071.13,1613.22,50.58,1892.19,2150.0,0.0,867.64
2023-09-14,Thursday,September,2023,0,0.0,416.42,0.0,175.18,294.2,885.8,-885.8,269109.57,Low,1088.24,1619.63,-1088.24,1254.41,766.05,0.0,785.83
2023-09-15,Friday,September,2023,0,29571.74,344.57,0.0,162.59,277.69,784.85,28786.89,297896.46,Low,1081.87,1616.73,3142.66,885.8,829.38,0.0265,694.69
2023-09-16,Saturday,September,2023,1,0.0,2488.67,0.0,0.0,268.19,2756.86,-2756.86,295139.6,Medium,1344.23,1689.41,2880.31,784.85,920.39,0.0,3444.94
2023-09-17,Sunday,September,2023,1,0.0,398.73,0.0,240.63,124.31,763.67,-763.67,294375.93,Low,1296.48,1693.02,2928.06,2756.86,1097.91,0.0,541.27
2023-09-18,Monday,September,2023,0,0.0,2238.99,450.51,216.1,96.33,3001.93,-3001.93,291374.0,Medium,1619.96,1714.34,2604.58,763.67,737.57,0.0,583.24
2023-09-19,Tuesday,September,2023,0,0.0,362.87,0.0,182.8,65.91,611.58,-611.58,290762.42,Low,1437.01,1712.24,2787.52,3001.93,1892.19,0.0,813.88
2023-09-20,Wednesday,September,2023,0,0.0,419.71,0.0,190.61,257.32,867.64,-867.64,289894.78,Low,1381.76,1719.42,2842.77,611.58,1254.41,0.0,900.52
2023-09-21,Thursday,September,2023,0,0.0,388.52,0.0,153.84,243.47,785.83,-785.83,289108.95,Low,1367.48,1726.43,2857.05,867.64,885.8,0.0,3593.96
2023-09-22,Friday,September,2023,0,0.0,240.16,0.0,228.87,225.66,694.69,-694.69,288414.26,Low,1354.6,1724.6,-1354.6,785.83,784.85,0.0,10827.25
2023-09-23,Saturday,September,2023,1,0.0,614.22,0.0,2630.56,200.16,3444.94,-3444.94,284969.32,Medium,1452.9,1781.03,-1452.9,694.69,2756.86,0.0,3384.31
2023-09-24,Sunday,September,2023,1,0.0,422.07,0.0,0.0,119.2,541.27,-541.27,284428.05,Low,1421.13,1773.97,-1421.13,3444.94,763.67,0.0,3526.58
2023-09-25,Monday,September,2023,0,0.0,361.68,0.0,119.81,101.75,583.24,-583.24,283844.81,Low,1075.6,1700.36,-1075.6,541.27,3001.93,0.0,874.28
2023-09-26,Tuesday,September,2023,0,2061.31,395.6,0.0,167.63,250.65,813.88,1247.43,285092.24,Low,1104.5,1648.88,-810.03,583.24,611.58,0.3948,463.28
2023-09-27,Wednesday,September,2023,0,0.0,304.87,328.66,188.53,78.46,900.52,-900.52,284191.72,Low,1109.2,1500.37,-814.72,813.88,867.64,0.0,1190.39
2023-09-28,Thursday,September,2023,0,0.0,304.88,0.0,164.04,3125.04,3593.96,-3593.96,280597.76,High,1510.36,1495.54,-1215.88,900.52,785.83,0.0,818.82
2023-09-29,Friday,September,2023,0,0.0,310.83,0.0,216.85,10299.57,10827.25,-10827.25,269770.51,High,2957.87,1743.96,-2663.39,3593.96,694.69,0.0,593.38
2023-09-30,Saturday,September,2023,1,4060.86,428.57,0.0,0.0,2955.74,3384.31,676.55,270447.06,Medium,2949.2,1652.65,-2074.61,10827.25,3444.94,0.8334,440.49
2023-10-01,Sunday,October,2023,1,33858.56,432.73,2737.72,303.6,52.53,3526.58,30331.98,300779.04,Medium,3375.68,1748.33,2335.86,3384.31,541.27,0.1042,863.55
2023-10-02,Monday,October,2023,0,0.0,407.19,0.0,191.48,275.61,874.28,-874.28,299904.76,Low,3417.25,1743.14,2294.28,3526.58,583.24,0.0,5496.49
2023-10-03,Tuesday,October,2023,0,0.0,248.17,0.0,154.18,60.93,463.28,-463.28,299441.48,Low,3367.17,1722.15,2049.89,874.28,813.88,0.0,1820.86
2023-10-04,Wednesday,October,2023,0,0.0,425.94,461.62,145.35,157.48,1190.39,-1190.39,298251.09,Low,3408.58,1727.62,2008.48,463.28,900.52,0.0,2746.06
2023-10-05,Thursday,October,2023,0,0.0,410.03,0.0,153.18,255.61,818.82,-818.82,297432.27,Low,3012.13,1725.45,2404.93,1190.39,3593.96,0.0,726.82
2023-10-06,Friday,October,2023,0,0.0,240.84,0.0,152.27,200.27,593.38,-593.38,296838.89,Low,1550.15,1673.56,3866.91,818.82,10827.25,0.0,759.97
2023-10-07,Saturday,October,2023,1,0.0,384.13,0.0,0.0,56.36,440.49,-440.49,296398.4,Low,1129.6,1662.71,3707.33,593.38,3384.31,0.0,3102.62
2023-10-08,Sunday,October,2023,1,0.0,439.22,0.0,222.89,201.44,863.55,-863.55,295534.85,Low,749.17,1663.85,-749.17,440.49,3526.58,0.0,665.03
2023-10-09,Monday,October,2023,0,0.0,348.42,0.0,191.21,4956.86,5496.49,-5496.49,290038.36,High,1409.49,1816.39,-1409.49,863.55,874.28,0.0,1185.02
2023-10-10,Tuesday,October,2023,0,0.0,1589.4,0.0,175.62,55.84,1820.86,-1820.86,288217.5,Medium,1603.43,1840.48,-1603.43,5496.49,463.28,0.0,826.15
2023-10-11,Wednesday,October,2023,0,0.0,383.66,1922.12,168.18,272.1,2746.06,-2746.06,285471.44,Medium,1825.66,1907.43,-1825.66,1820.86,1190.39,0.0,663.86
2023-10-12,Thursday,October,2023,0,0.0,343.56,0.0,197.91,185.35,726.82,-726.82,284744.62,Low,1812.52,1868.59,-1812.52,2746.06,818.82,0.0,779.66
2023-10-13,Friday,October,2023,0,0.0,444.37,0.0,190.02,125.58,759.97,-759.97,283984.65,Low,1836.32,1852.11,-1836.32,726.82,593.38,0.0,763.73
2023-10-14,Saturday,October,2023,1,0.0,458.88,2482.73,0.0,161.01,3102.62,-3102.62,280882.03,Medium,2216.62,1926.0,-2216.62,759.97,440.49,0.0,733.55
2023-10-15,Sunday,October,2023,1,29622.33,496.14,0.0,0.0,168.89,665.03,28957.3,309839.33,Low,2188.26,1922.01,2043.5,3102.62,863.55,0.0225,8685.1
2023-10-16,Monday,October,2023,0,0.0,403.97,474.96,223.43,82.66,1185.02,-1185.02,308654.31,Low,1572.34,1869.61,2659.42,665.03,5496.49,0.0,660.73
2023-10-17,Tuesday,October,2023,0,0.0,355.88,0.0,175.02,295.25,826.15,-826.15,307828.16,Low,1430.24,1871.69,2801.52,1185.02,1820.86,0.0,659.15
2023-10-18,Wednesday,October,2023,0,0.0,279.64,0.0,143.77,240.45,663.86,-663.86,307164.3,Low,1132.78,1793.76,3098.98,826.15,2746.06,0.0,814.57
2023-10-19,Thursday,October,2023,0,0.0,310.77,0.0,227.76,241.13,779.66,-779.66,306384.64,Low,1140.33,1799.36,3091.43,663.86,726.82,0.0,760.2
2023-10-20,Friday,October,2023,0,0.0,329.79,0.0,172.2,261.74,763.73,-763.73,305620.91,Low,1140.87,1795.9,3090.89,779.66,759.97,0.0,701.07
2023-10-21,Saturday,October,2023,1,9067.72,564.34,0.0,0.0,169.21,733.55,8334.17,313955.08,Low,802.43,1794.15,4724.72,763.73,3102.62,0.0809,4546.27
2023-10-22,Sunday,October,2023,1,0.0,409.9,0.0,0.0,8275.2,8685.1,-8685.1,305269.98,High,1948.15,2060.5,-652.76,733.55,665.03,0.0,4835.28
2023-10-23,Monday,October,2023,0,0.0,374.42,0.0,200.6,85.71,660.73,-660.73,304609.25,Low,1873.25,1967.7,-577.87,8685.1,1185.02,0.0,3180.61
2023-10-24,Tuesday,October,2023,0,0.0,392.94,0.0,194.06,72.15,659.15,-659.15,303950.1,Low,1849.4,1971.62,-554.01,660.73,826.15,0.0,4651.8
2023-10-25,Wednesday,October,2023,0,5260.34,414.21,0.0,148.3,252.06,814.57,4445.77,308395.87,Low,1870.93,1979.34,175.94,659.15,663.86,0.1549,641.11
2023-10-26,Thursday,October,2023,0,9640.92,331.52,0.0,180.05,248.63,760.2,8880.72,317276.59,Low,1868.15,1977.55,1555.99,814.57,779.66,0.0789,1164.3
2023-10-27,Friday,October,2023,0,2583.21,300.97,0.0,149.23,250.87,701.07,1882.14,319158.73,Low,1859.2,1970.9,1933.97,760.2,763.73,0.2714,429.39
2023-10-28,Saturday,October,2023,1,0.0,396.37,0.0,242.93,3906.97,4546.27,-4546.27,314612.46,High,2403.87,2002.64,93.91,701.07,733.55,0.0,7544.64
2023-10-29,Sunday,October,2023,1,0.0,227.92,0.0,0.0,4607.36,4835.28,-4835.28,309777.18,High,1853.9,1802.91,643.89,4546.27,8685.1,0.0,7109.68
2023-10-30,Monday,October,2023,0,0.0,361.03,0.0,150.45,2669.13,3180.61,-3180.61,306596.57,Medium,2213.88,1796.12,283.9,4835.28,660.73,0.0,729.69
2023-10-31,Tuesday,October,2023,0,0.0,403.39,0.0,154.95,4093.46,4651.8,-4651.8,301944.77,High,2784.26,1833.63,-286.48,3180.61,659.15,0.0,865.26
2023-11-01,Wednesday,November,2023,0,30012.3,298.49,0.0,225.02,117.6,641.11,29371.19,331315.96,Low,2759.48,1825.85,3274.3,4651.8,814.57,0.0214,796.9
2023-11-02,Thursday,November,2023,0,0.0,365.75,319.79,187.74,291.02,1164.3,-1164.3,330151.66,Low,2817.21,1849.22,1839.3,641.11,760.2,0.0,574.9
2023-11-03,Friday,November,2023,0,0.0,203.67,0.0,174.63,51.09,429.39,-429.39,329722.27,Low,2778.39,1823.85,1509.08,1164.3,701.07,0.0,5126.77
2023-11-04,Saturday,November,2023,1,0.0,488.01,2815.84,189.42,4051.37,7544.64,-7544.64,322177.63,High,3206.73,2048.05,1080.74,429.39,4546.27,0.0,9526.61
2023-11-05,Sunday,November,2023,1,0.0,478.04,0.0,0.0,6631.64,7109.68,-7109.68,315067.95,High,3531.65,2265.26,755.82,7544.64,4835.28,0.0,774.78
2023-11-06,Monday,November,2023,0,0.0,369.6,0.0,192.02,168.07,729.69,-729.69,314338.26,Low,3181.52,2274.9,1105.96,7109.68,3180.61,0.0,816.57
2023-11-07,Tuesday,November,2023,0,0.0,408.26,0.0,244.09,212.91,865.26,-865.26,313473.0,Low,2640.58,2274.96,1646.89,729.69,4651.8,0.0,463.2
2023-11-08,Wednesday,November,2023,0,0.0,278.64,0.0,245.71,272.55,796.9,-796.9,312676.1,Low,2662.84,2118.3,-2662.84,865.26,641.11,0.0,3982.2
2023-11-09,Thursday,November,2023,0,0.0,245.37,0.0,184.76,144.77,574.9,-574.9,312101.2,Low,2578.64,2076.77,-2578.64,796.9,1164.3,0.0,778.94
2023-11-10,Friday,November,2023,0,2994.95,336.92,0.0,74.45,4715.4,5126.77,-2131.82,309969.38,Medium,3249.69,2156.13,-2821.84,574.9,429.39,1.7118,652.96
2023-11-11,Saturday,November,2023,1,0.0,635.95,0.0,2303.24,6587.42,9526.61,-9526.61,300442.77,High,3532.83,2449.45,-3104.98,5126.77,7544.64,0.0,1217.43
2023-11-12,Sunday,November,2023,1,0.0,490.02,0.0,105.27,179.49,774.78,-774.78,299667.99,Low,2627.84,2449.95,-2199.99,9526.61,7109.68,0.0,727.31
2023-11-13,Monday,November,2023,0,0.0,359.89,0.0,182.04,274.64,816.57,-816.57,298851.42,Low,2640.26,2373.75,-2212.41,774.78,729.69,0.0,7643.06
2023-11-14,Tuesday,November,2023,0,0.0,213.59,0.0,142.55,107.06,463.2,-463.2,298388.22,Low,2582.82,2367.02,-2154.97,816.57,865.26,0.0,810.29
2023-11-15,Wednesday,November,2023,0,31337.19,343.55,3368.27,201.48,68.9,3982.2,27354.99,325743.21,Medium,3037.86,2460.26,1866.73,463.2,796.9,0.1271,814.1
2023-11-16,Thursday,November,2023,0,0.0,353.1,0.0,231.27,194.57,778.94,-778.94,324964.27,Low,3067.01,2458.68,1837.58,3982.2,574.9,0.0,677.52
2023-11-17,Friday,November,2023,0,0.0,383.46,0.0,133.2,136.3,652.96,-652.96,324311.31,Low,2427.89,2458.32,2048.85,778.94,5126.77,0.0,680.92
2023-11-18,Saturday,November,2023,1,0.0,541.23,468.47,0.0,207.73,1217.43,-1217.43,323093.88,Low,1240.87,2472.91,3235.87,652.96,9526.61,0.0,709.85
2023-11-19,Sunday,November,2023,1,0.0,475.57,0.0,0.0,251.74,727.31,-727.31,322366.57,Low,1234.09,2471.7,3242.65,1217.43,774.78,0.0,1327.44
2023-11-20,Monday,November,2023,0,0.0,385.07,0.0,171.97,7086.02,7643.06,-7643.06,314723.51,High,2209.3,2702.02,2267.44,727.31,816.57,0.0,2273.71
2023-11-21,Tuesday,November,2023,0,0.0,276.07,258.89,116.08,159.25,810.29,-810.29,313913.22,Low,2258.88,2439.52,2217.86,7643.06,463.2,0.0,4166.46
2023-11-22,Wednesday,November,2023,0,6978.75,377.73,0.0,197.04,239.33,814.1,6164.65,320077.87,Low,1806.3,2444.63,-809.33,810.29,3982.2,0.1167,3969.77
2023-11-23,Thursday,November,2023,0,0.0,351.15,0.0,235.7,90.67,677.52,-677.52,319400.35,Low,1791.81,2445.25,-794.85,814.1,778.94,0.0,2471.6
2023-11-24,Friday,November,2023,0,0.0,420.52,0.0,129.98,130.42,680.92,-680.92,318719.43,Low,1795.8,2440.79,-798.84,677.52,652.96,0.0,904.6
2023-11-25,Saturday,November,2023,1,0.0,521.47,0.0,108.75,79.63,709.85,-709.85,318009.58,Low,1723.29,2439.11,-726.33,680.92,1217.43,0.0,482.57
2023-11-26,Sunday,November,2023,1,0.0,363.63,577.92,273.14,112.75,1327.44,-1327.44,316682.14,Low,1809.03,2459.99,-812.06,709.85,727.31,0.0,730.73
2023-11-27,Monday,November,2023,0,0.0,253.8,0.0,180.57,1839.34,2273.71,-2273.71,314408.43,Medium,1041.98,2384.24,-45.01,1327.44,7643.06,0.0,761.59
2023-11-28,Tuesday,November,2023,0,0.0,292.76,0.0,184.24,3689.46,4166.46,-4166.46,310241.97,High,1521.43,2361.95,-524.46,2273.71,810.29,0.0,1329.84
2023-11-29,Wednesday,November,2023,0,0.0,385.06,0.0,172.44,3412.27,3969.77,-3969.77,306272.2,High,1972.24,2388.25,-1972.24,4166.46,814.1,0.0,900.81
2023-11-30,Thursday,November,2023,0,0.0,405.3,0.0,215.48,1850.82,2471.6,-2471.6,303800.6,Medium,2228.54,2315.58,-2228.54,3969.77,677.52,0.0,1810.85
2023-12-01,Friday,December,2023,0,29663.39,193.75,299.49,187.96,223.4,904.6,28758.79,332559.39,Low,2260.49,2324.36,1977.14,2471.6,680.92,0.0305,776.98
2023-12-02,Saturday,December,2023,1,0.0,328.43,0.0,0.0,154.14,482.57,-482.57,332076.82,Low,2228.02,2301.64,2009.61,904.6,709.85,0.0,698.3
2023-12-03,Sunday,December,2023,1,9784.63,498.39,0.0,0.0,232.34,730.73,9053.9,341130.72,Low,2142.78,2311.68,3492.65,482.57,1327.44,0.0747,4385.07
2023-12-04,Monday,December,2023,0,0.0,423.04,0.0,212.82,125.73,761.59,-761.59,340369.13,Low,1926.76,2085.58,3708.67,730.73,2273.71,0.0,592.16
2023-12-05,Tuesday,December,2023,0,0.0,322.14,513.01,198.48,296.21,1329.84,-1329.84,339039.29,Low,1521.53,1892.92,4113.9,761.59,4166.46,0.0,798.85
2023-12-06,Wednesday,December,2023,0,0.0,454.33,0.0,219.15,227.33,900.81,-900.81,338138.48,Low,1083.11,1898.62,4552.33,1329.84,3969.77,0.0,984.68
2023-12-07,Thursday,December,2023,0,0.0,1502.5,0.0,184.21,124.14,1810.85,-1810.85,336327.63,Medium,988.71,1930.14,4646.72,900.81,2471.6,0.0,1168.65
2023-12-08,Friday,December,2023,0,0.0,352.0,0.0,141.75,283.23,776.98,-776.98,335550.65,Low,970.48,1929.48,427.32,1810.85,904.6,0.0,818.52
2023-12-09,Saturday,December,2023,1,0.0,446.53,0.0,0.0,251.77,698.3,-698.3,334852.35,Low,1001.3,1933.59,396.5,776.98,482.57,0.0,751.41
2023-12-10,Sunday,December,2023,1,0.0,617.91,3170.04,310.35,286.77,4385.07,-4385.07,330467.28,High,1523.35,1908.87,-1523.35,698.3,730.73,0.0,1049.43
2023-12-11,Monday,December,2023,0,0.0,377.25,0.0,158.61,56.3,592.16,-592.16,329875.12,Low,1499.14,1611.05,-1499.14,4385.07,761.59,0.0,597.86
2023-12-12,Tuesday,December,2023,0,7629.6,346.38,0.0,198.19,254.28,798.85,6830.75,336705.87,Low,1423.29,1611.86,-333.35,592.16,1329.84,0.1047,723.57
2023-12-13,Wednesday,December,2023,0,0.0,350.42,230.67,153.59,250.0,984.68,-984.68,335721.19,Low,1435.27,1617.46,-345.33,798.85,900.81,0.0,612.17
2023-12-14,Thursday,December,2023,0,0.0,321.27,452.72,145.49,249.17,1168.65,-1168.65,334552.54,Low,1343.53,1640.97,-253.58,984.68,1810.85,0.0,3148.28
2023-12-15,Friday,December,2023,0,30889.26,466.08,0.0,165.23,187.21,818.52,30070.74,364623.28,Low,1349.46,1535.52,4153.23,1168.65,776.98,0.0265,800.26
2023-12-16,Saturday,December,2023,1,0.0,484.11,0.0,200.21,67.09,751.41,-751.41,363871.87,Low,1357.05,1534.6,4145.65,818.52,698.3,0.0,468.2
2023-12-17,Sunday,December,2023,1,0.0,619.38,0.0,212.18,217.87,1049.43,-1049.43,362822.44,Low,880.53,1547.82,4622.17,751.41,4385.07,0.0,650.82
2023-12-18,Monday,December,2023,0,0.0,310.55,0.0,168.23,119.08,597.86,-597.86,362224.58,Low,881.34,1527.16,4621.35,1049.43,592.16,0.0,749.31
2023-12-19,Tuesday,December,2023,0,0.0,318.32,0.0,170.78,234.47,723.57,-723.57,361501.01,Low,870.59,1527.04,3542.16,597.86,798.85,0.0,2046.7
2023-12-20,Wednesday,December,2023,0,0.0,294.55,0.0,146.86,170.76,612.17,-612.17,360888.84,Low,817.37,1292.68,3595.38,723.57,984.68,0.0,820.78
2023-12-21,Thursday,December,2023,0,0.0,310.23,2588.37,176.66,73.02,3148.28,-3148.28,357740.56,Medium,1100.18,1370.61,3312.57,612.17,1168.65,0.0,3050.01
2023-12-22,Friday,December,2023,0,0.0,361.14,0.0,212.46,226.66,800.26,-800.26,356940.3,Low,1097.57,1370.15,-1097.57,3148.28,818.52,0.0,4689.01
2023-12-23,Saturday,December,2023,1,0.0,379.49,0.0,0.0,88.71,468.2,-468.2,356472.1,Low,1057.11,1363.17,-1057.11,800.26,751.41,0.0,4553.84
2023-12-24,Sunday,December,2023,1,0.0,455.09,0.0,0.0,195.73,650.82,-650.82,355821.28,Low,1000.17,1362.17,-1000.17,468.2,1049.43,0.0,4930.13
2023-12-25,Monday,December,2023,0,0.0,366.61,0.0,164.58,218.12,749.31,-749.31,355071.97,Low,1021.8,1363.48,-1021.8,650.82,597.86,0.0,659.62
2023-12-26,Tuesday,December,2023,0,0.0,1695.53,0.0,192.66,158.51,2046.7,-2046.7,353025.27,Medium,1210.82,1387.46,-1210.82,749.31,723.57,0.0,1681.31
2023-12-27,Wednesday,December,2023,0,0.0,361.38,0.0,249.98,209.42,820.78,-820.78,352204.49,Low,1240.62,1339.03,-1240.62,2046.7,612.17,0.0,674.34
2023-12-28,Thursday,December,2023,0,0.0,432.89,0.0,194.37,2422.75,3050.01,-3050.01,349154.48,Medium,1226.58,1301.81,-1226.58,820.78,3148.28,0.0,700.43
2023-12-29,Friday,December,2023,0,0.0,384.08,0.0,248.2,4056.73,4689.01,-4689.01,344465.47,High,1782.12,1325.79,-1782.12,3050.01,800.26,0.0,636.51
2023-12-30,Saturday,December,2023,1,0.0,448.13,0.0,346.9,3758.81,4553.84,-4553.84,339911.63,High,2365.78,1395.2,-2365.78,4689.01,468.2,0.0,3091.49
2023-12-31,Sunday,December,2023,1,0.0,410.67,413.0,0.0,4106.46,4930.13,-4930.13,334981.5,High,2977.11,1529.38,-2977.11,4553.84,650.82,0.0,905.64
2024-01-01,Monday,January,2024,0,32430.35,291.26,0.0,207.72,160.64,659.62,31770.73,366752.23,Low,2964.3,1535.28,1668.61,4930.13,749.31,0.0203,740.83
2024-01-02,Tuesday,January,2024,0,0.0,1508.21,0.0,109.06,64.04,1681.31,-1681.31,365070.92,Medium,2912.1,1566.97,1720.81,659.62,2046.7,0.0,689.83
2024-01-03,Wednesday,January,2024,0,0.0,394.33,0.0,164.95,115.06,674.34,-674.34,364396.58,Low,2891.18,1564.06,1741.73,1681.31,820.78,0.0,641.49
2024-01-04,Thursday,January,2024,0,0.0,429.22,0.0,193.6,77.61,700.43,-700.43,363696.15,Low,2555.53,1543.08,2077.38,674.34,3050.01,0.0,814.78
2024-01-05,Friday,January,2024,0,0.0,384.45,0.0,113.61,138.45,636.51,-636.51,363059.64,Low,1976.6,1534.27,2656.31,700.43,4689.01,0.0,605.57
2024-01-06,Saturday,January,2024,1,0.0,558.32,0.0,2264.09,269.08,3091.49,-3091.49,359968.15,Medium,1767.69,1576.96,2865.22,636.51,4553.84,0.0,733.41
2024-01-07,Sunday,January,2024,1,0.0,488.0,0.0,158.16,259.48,905.64,-905.64,359062.51,Low,1192.76,1581.24,3440.14,3091.49,4930.13,0.0,7665.65
2024-01-08,Monday,January,2024,0,0.0,511.26,0.0,134.76,94.81,740.83,-740.83,358321.68,Low,1204.36,1582.66,-1204.36,905.64,659.62,0.0,778.69
2024-01-09,Tuesday,January,2024,0,0.0,385.26,0.0,249.79,54.78,689.83,-689.83,357631.85,Low,1062.72,1459.49,-1062.72,740.83,1681.31,0.0,758.26
2024-01-10,Wednesday,January,2024,0,0.0,332.02,0.0,129.66,179.81,641.49,-641.49,356990.36,Low,1058.03,1461.13,-1058.03,689.83,674.34,0.0,975.61
2024-01-11,Thursday,January,2024,0,0.0,368.53,0.0,156.28,289.97,814.78,-814.78,356175.58,Low,1074.37,1461.66,-1074.37,641.49,700.43,0.0,647.97
2024-01-12,Friday,January,2024,0,0.0,275.23,0.0,104.8,225.54,605.57,-605.57,355570.01,Low,1069.95,1449.03,-1069.95,814.78,636.51,0.0,666.21
2024-01-13,Saturday,January,2024,1,0.0,599.11,0.0,0.0,134.3,733.41,-733.41,354836.6,Low,733.08,1434.52,-733.08,605.57,3091.49,0.0,554.47
2024-01-14,Sunday,January,2024,1,0.0,489.2,0.0,368.7,6807.75,7665.65,-7665.65,347170.95,High,1698.79,1662.76,-1698.79,733.41,905.64,0.0,1059.65
2024-01-15,Monday,January,2024,0,32363.44,328.43,0.0,191.23,259.03,778.69,31584.75,378755.7,Low,1704.2,1663.67,2919.15,7665.65,740.83,0.0241,725.95
2024-01-16,Tuesday,January,2024,0,0.0,491.96,0.0,170.44,95.86,758.26,-758.26,377997.44,Low,1713.98,1653.96,2909.37,778.69,689.83,0.0,932.55
2024-01-17,Wednesday,January,2024,0,0.0,470.67,0.0,229.5,275.44,975.61,-975.61,377021.83,Low,1761.71,1666.55,2861.64,758.26,641.49,0.0,688.49
2024-01-18,Thursday,January,2024,0,9018.8,348.37,0.0,155.73,143.87,647.97,8370.83,385392.66,Low,1737.88,1664.03,4173.87,975.61,814.78,0.0718,716.07
2024-01-19,Friday,January,2024,0,0.0,391.69,0.0,136.89,137.63,666.21,-666.21,384726.45,Low,1746.54,1665.83,4165.21,647.97,605.57,0.0,1260.03
2024-01-20,Saturday,January,2024,1,4956.59,450.05,0.0,0.0,104.42,554.47,4402.12,389128.57,Low,1720.98,1579.37,4898.85,666.21,733.41,0.1119,870.58
2024-01-21,Sunday,January,2024,1,0.0,533.79,0.0,275.11,250.75,1059.65,-1059.65,388068.92,Low,777.27,1588.02,5842.57,554.47,7665.65,0.0,7100.54
2024-01-22,Monday,January,2024,0,0.0,476.04,0.0,151.17,98.74,725.95,-725.95,387342.97,Low,769.73,1596.61,1226.75,1059.65,778.69,0.0,5370.09
2024-01-23,Tuesday,January,2024,0,0.0,412.27,0.0,248.0,272.28,932.55,-932.55,386410.42,Low,794.63,1606.0,1201.85,725.95,758.26,0.0,18182.13
2024-01-24,Wednesday,January,2024,0,0.0,447.44,0.0,140.49,100.56,688.49,-688.49,385721.93,Low,753.61,1603.97,1242.87,932.55,975.61,0.0,7431.9
2024-01-25,Thursday,January,2024,0,0.0,438.47,0.0,180.62,96.98,716.07,-716.07,385005.86,Low,763.34,1559.62,-55.26,688.49,647.97,0.0,678.26
2024-01-26,Friday,January,2024,0,0.0,436.47,446.78,153.69,223.09,1260.03,-1260.03,383745.83,Low,848.17,1574.26,-140.09,716.07,666.21,0.0,2665.09
2024-01-27,Saturday,January,2024,1,0.0,585.05,0.0,180.85,104.68,870.58,-870.58,382875.25,Low,893.33,1501.61,-893.33,1260.03,554.47,0.0,760.46
2024-01-28,Sunday,January,2024,1,0.0,601.67,0.0,156.32,6342.55,7100.54,-7100.54,375774.71,High,1756.32,1582.0,-1756.32,870.58,1059.65,0.0,2488.18
2024-01-29,Monday,January,2024,0,9033.49,412.81,0.0,183.81,4773.47,5370.09,3663.4,379438.11,Medium,2419.76,1609.21,-1129.27,7100.54,725.95,0.5945,885.42
2024-01-30,Tuesday,January,2024,0,0.0,360.93,15730.4,161.23,1929.57,18182.13,-18182.13,361255.98,High,4883.99,2050.94,-3593.49,5370.09,932.55,0.0,804.15
2024-01-31,Wednesday,January,2024,0,0.0,419.77,0.0,194.74,6817.39,7431.9,-7431.9,353824.08,High,5847.33,2276.68,-4556.84,18182.13,688.49,0.0,711.73
2024-02-01,Thursday,February,2024,0,32652.58,375.45,0.0,174.62,128.19,678.26,31974.32,385798.4,Low,5841.93,2243.25,113.22,7431.9,716.07,0.0208,983.1
2024-02-02,Friday,February,2024,0,0.0,2269.05,0.0,205.19,190.85,2665.09,-2665.09,383133.31,Medium,6042.66,2309.61,-87.5,678.26,1260.03,0.0,754.34
2024-02-03,Saturday,February,2024,1,0.0,653.24,0.0,0.0,107.22,760.46,-760.46,382372.85,Low,6026.92,2311.61,-71.77,2665.09,870.58,0.0,5194.74
2024-02-04,Sunday,February,2024,1,0.0,663.81,0.0,1529.09,295.28,2488.18,-2488.18,379884.67,Medium,5368.02,2373.33,587.14,760.46,7100.54,0.0,8450.52
2024-02-05,Monday,February,2024,0,0.0,422.83,0.0,243.89,218.7,885.42,-885.42,378999.25,Low,4727.35,2299.79,-62.69,2488.18,5370.09,0.0,707.83
2024-02-06,Tuesday,February,2024,0,0.0,505.18,0.0,180.15,118.82,804.15,-804.15,378195.1,Low,2244.78,2296.41,2419.87,885.42,18182.13,0.0,738.97
2024-02-07,Wednesday,February,2024,0,0.0,299.85,0.0,194.94,216.94,711.73,-711.73,377483.37,Low,1284.76,2295.44,3379.9,804.15,7431.9,0.0,576.48
2024-02-08,Thursday,February,2024,0,0.0,478.71,0.0,214.16,290.23,983.1,-983.1,376500.27,Low,1328.3,2305.22,-1328.3,711.73,678.26,0.0,630.89
2024-02-09,Friday,February,2024,0,0.0,306.51,0.0,167.5,280.33,754.34,-754.34,375745.93,Low,1055.34,2308.98,-1055.34,983.1,2665.09,0.0,619.21
2024-02-10,Saturday,February,2024,1,0.0,1777.55,0.0,3202.43,214.76,5194.74,-5194.74,370551.19,High,1688.81,2454.98,-1688.81,754.34,760.46,0.0,957.85
2024-02-11,Sunday,February,2024,1,0.0,497.1,0.0,321.23,7632.19,8450.52,-8450.52,362100.67,High,2540.57,2716.47,-2540.57,5194.74,2488.18,0.0,781.3
2024-02-12,Monday,February,2024,0,0.0,375.82,0.0,198.19,133.82,707.83,-707.83,361392.84,Low,2515.2,2715.62,-2515.2,8450.52,885.42,0.0,876.73
2024-02-13,Tuesday,February,2024,0,0.0,400.23,0.0,192.34,146.4,738.97,-738.97,360653.87,Low,2505.89,2484.73,-2505.89,707.83,804.15,0.0,1293.64
2024-02-14,Wednesday,February,2024,0,0.0,366.55,0.0,118.06,91.87,576.48,-576.48,360077.39,Low,2486.57,2477.99,-2486.57,738.97,711.73,0.0,860.74
2024-02-15,Thursday,February,2024,0,32350.59,409.07,0.0,139.4,82.42,630.89,31719.7,391797.09,Low,2436.25,2473.75,2185.26,576.48,983.1,0.0195,903.24
2024-02-16,Friday,February,2024,0,0.0,328.68,0.0,203.8,86.73,619.21,-619.21,391177.88,Low,2416.95,2461.87,2204.56,630.89,754.34,0.0,677.41
2024-02-17,Saturday,February,2024,1,0.0,461.54,0.0,245.36,250.95,957.85,-957.85,390220.03,Low,1811.68,2472.2,2809.83,619.21,5194.74,0.0,663.81
2024-02-18,Sunday,February,2024,1,0.0,408.33,0.0,246.35,126.62,781.3,-781.3,389438.73,Low,716.08,2476.03,3905.44,957.85,8450.52,0.0,885.15
2024-02-19,Monday,February,2024,0,5348.86,379.17,0.0,253.3,244.26,876.73,4472.13,393910.86,Low,740.2,2486.77,4645.43,781.3,707.83,0.1639,701.05
2024-02-20,Tuesday,February,2024,0,0.0,430.76,595.25,168.84,98.79,1293.64,-1293.64,392617.22,Low,819.44,2494.57,4566.19,876.73,738.97,0.0,677.14
2024-02-21,Wednesday,February,2024,0,0.0,432.77,0.0,163.02,264.95,860.74,-860.74,391756.48,Low,860.05,2499.07,4525.58,1293.64,576.48,0.0,5507.33
2024-02-22,Thursday,February,2024,0,0.0,445.12,0.0,170.26,287.86,903.24,-903.24,390853.24,Low,898.96,2498.09,-134.84,860.74,630.89,0.0,5602.51
2024-02-23,Friday,February,2024,0,0.0,358.57,0.0,130.67,188.17,677.41,-677.41,390175.83,Low,907.27,2497.72,-143.15,903.24,619.21,0.0,1771.36
2024-02-24,Saturday,February,2024,1,0.0,568.1,0.0,0.0,95.71,663.81,-663.81,389512.02,Low,865.27,2495.98,-101.14,677.41,957.85,0.0,5329.03
2024-02-25,Sunday,February,2024,1,0.0,413.65,0.0,210.22,261.28,885.15,-885.15,388626.87,Low,880.1,2483.48,-115.98,663.81,781.3,0.0,2668.23
2024-02-26,Monday,February,2024,0,0.0,392.29,0.0,196.34,112.42,701.05,-701.05,387925.82,Low,855.01,2477.83,-855.01,885.15,876.73,0.0,757.0
2024-02-27,Tuesday,February,2024,0,8965.35,358.05,0.0,154.51,164.58,677.14,8288.21,396214.03,Low,766.93,2263.72,513.83,701.05,1293.64,0.0755,2545.92
2024-02-28,Wednesday,February,2024,0,0.0,407.7,168.03,142.54,4789.06,5507.33,-5507.33,390706.7,High,1430.73,2268.29,-149.97,677.14,860.74,0.0,818.2
2024-02-29,Thursday,February,2024,0,0.0,334.73,0.0,70.1,5197.68,5602.51,-5602.51,385104.19,High,2102.06,1848.97,-821.29,5507.33,903.24,0.0,1991.25
2024-03-01,Friday,March,2024,0,32000.22,1398.39,0.0,195.32,177.65,1771.36,30228.86,415333.05,Low,2258.34,1660.29,3593.89,5602.51,677.41,0.0554,645.53
2024-03-02,Saturday,March,2024,1,0.0,554.76,0.0,265.35,4508.92,5329.03,-5329.03,410004.02,High,2924.8,1815.31,2927.43,1771.36,663.81,0.0,684.65
2024-03-03,Sunday,March,2024,1,0.0,2523.29,0.0,0.0,144.94,2668.23,-2668.23,407335.79,Medium,3179.52,1815.42,2672.7,5329.03,885.15,0.0,889.05
2024-03-04,Monday,March,2024,0,0.0,343.31,0.0,194.34,219.35,757.0,-757.0,406578.79,Low,3187.51,1815.3,2664.71,2668.23,701.05,0.0,725.75
2024-03-05,Tuesday,March,2024,0,0.0,2128.76,0.0,173.35,243.81,2545.92,-2545.92,404032.87,Medium,3454.48,1817.23,1116.98,757.0,677.14,0.0,1122.96
2024-03-06,Wednesday,March,2024,0,0.0,410.75,0.0,187.83,219.62,818.2,-818.2,403214.67,Low,2784.61,1814.99,1786.85,2545.92,5507.33,0.0,919.14
2024-03-07,Thursday,March,2024,0,0.0,320.38,1223.65,218.21,229.01,1991.25,-1991.25,401223.42,Medium,2268.71,1854.56,2302.75,818.2,5602.51,0.0,522.44
2024-03-08,Friday,March,2024,0,0.0,338.86,0.0,170.82,135.85,645.53,-645.53,400577.89,Low,2107.88,1852.35,-2107.88,1991.25,1771.36,0.0,915.83
2024-03-09,Saturday,March,2024,1,0.0,469.32,0.0,127.71,87.62,684.65,-684.65,399893.24,Low,1444.4,1842.4,-1444.4,645.53,5329.03,0.0,2584.03
2024-03-10,Sunday,March,2024,1,0.0,409.29,0.0,241.29,238.47,889.05,-889.05,399004.19,Low,1190.23,1846.89,-1190.23,684.65,2668.23,0.0,616.46
2024-03-11,Monday,March,2024,0,0.0,414.68,0.0,207.96,103.11,725.75,-725.75,398278.44,Low,1185.76,1697.93,-1185.76,889.05,757.0,0.0,2491.18
2024-03-12,Tuesday,March,2024,0,0.0,438.41,291.25,170.54,222.76,1122.96,-1122.96,397155.48,Low,982.48,1453.67,-982.48,725.75,2545.92,0.0,724.95
2024-03-13,Wednesday,March,2024,0,0.0,343.72,203.95,137.74,233.73,919.14,-919.14,396236.34,Low,996.9,1460.72,-996.9,1122.96,818.2,0.0,800.27
2024-03-14,Thursday,March,2024,0,0.0,254.09,0.0,177.25,91.1,522.44,-522.44,395713.9,Low,787.07,1453.5,-787.07,919.14,1991.25,0.0,622.13
2024-03-15,Friday,March,2024,0,33129.09,384.85,0.0,256.38,274.6,915.83,32213.26,427927.16,Low,825.69,1464.81,3907.04,522.44,645.53,0.0276,762.16
2024-03-16,Saturday,March,2024,1,0.0,2373.01,0.0,131.34,79.68,2584.03,-2584.03,425343.13,Medium,1097.03,1529.92,3635.7,915.83,684.65,0.0,676.41
2024-03-17,Sunday,March,2024,1,0.0,523.33,0.0,0.0,93.13,616.46,-616.46,424726.67,Low,1058.09,1529.82,3674.64,2584.03,889.05,0.0,3408.5
2024-03-18,Monday,March,2024,0,0.0,333.97,0.0,177.36,1979.85,2491.18,-2491.18,422235.49,Medium,1310.29,1580.94,3422.44,616.46,725.75,0.0,809.43
2024-03-19,Tuesday,March,2024,0,0.0,407.2,0.0,123.34,194.41,724.95,-724.95,421510.54,Low,1253.43,1579.06,3479.29,2491.18,1122.96,0.0,869.65
2024-03-20,Wednesday,March,2024,0,0.0,420.33,0.0,128.51,251.43,800.27,-800.27,420710.27,Low,1236.45,1576.51,3496.28,724.95,919.14,0.0,724.32
2024-03-21,Thursday,March,2024,0,0.0,287.47,0.0,229.35,105.31,622.13,-622.13,420088.14,Low,1250.69,1554.12,3482.03,800.27,522.44,0.0,3666.76
2024-03-22,Friday,March,2024,0,0.0,373.81,0.0,105.21,283.14,762.16,-762.16,419325.98,Low,1228.74,1550.84,-1228.74,622.13,915.83,0.0,5135.76
2024-03-23,Saturday,March,2024,1,0.0,476.31,0.0,109.8,90.3,676.41,-676.41,418649.57,Low,956.22,1543.28,-956.22,762.16,2584.03,0.0,4403.54
2024-03-24,Sunday,March,2024,1,0.0,661.07,0.0,2531.99,215.44,3408.5,-3408.5,415241.07,Medium,1355.09,1634.31,-1355.09,676.41,616.46,0.0,3432.97
2024-03-25,Monday,March,2024,0,0.0,410.34,0.0,196.13,202.96,809.43,-809.43,414431.64,Low,1114.84,1639.17,-1114.84,3408.5,2491.18,0.0,6293.32
2024-03-26,Tuesday,March,2024,0,0.0,405.71,0.0,249.4,214.54,869.65,-869.65,413561.99,Low,1135.51,1638.65,-1135.51,809.43,724.95,0.0,730.87
2024-03-27,Wednesday,March,2024,0,0.0,322.48,0.0,132.01,269.83,724.32,-724.32,412837.67,Low,1124.66,1639.43,-1124.66,869.65,800.27,0.0,617.31
2024-03-28,Thursday,March,2024,0,0.0,359.06,0.0,189.01,3118.69,3666.76,-3666.76,409170.91,High,1559.6,1739.08,-1559.6,724.32,622.13,0.0,730.61
2024-03-29,Friday,March,2024,0,0.0,422.89,0.0,211.01,4501.86,5135.76,-5135.76,404035.15,High,2184.4,1726.7,-2184.4,3666.76,762.16,0.0,6145.66
2024-03-30,Saturday,March,2024,1,0.0,558.68,0.0,374.52,3470.34,4403.54,-4403.54,399631.61,High,2716.85,1686.73,-2716.85,5135.76,676.41,0.0,2554.95
2024-03-31,Sunday,March,2024,1,0.0,490.56,0.0,0.0,2942.41,3432.97,-3432.97,396198.64,Medium,2720.35,1742.12,-2720.35,4403.54,3408.5,0.0,908.21
2024-04-01,Monday,April,2024,0,32331.51,369.61,0.0,203.19,5720.52,6293.32,26038.19,422236.83,Medium,3503.76,1774.26,1115.03,3432.97,809.43,0.1946,828.52
2024-04-02,Tuesday,April,2024,0,0.0,330.72,0.0,194.46,205.69,730.87,-730.87,421505.96,Low,3483.93,1709.68,1134.85,6293.32,869.65,0.0,5537.39
2024-04-03,Wednesday,April,2024,0,0.0,232.32,0.0,230.45,154.54,617.31,-617.31,420888.65,Low,3468.65,1705.02,1150.14,730.87,724.32,0.0,618.45
2024-04-04,Thursday,April,2024,0,0.0,365.41,0.0,149.77,215.43,730.61,-730.61,420158.04,Low,3049.2,1644.51,1569.59,617.31,3666.76,0.0,692.18
2024-04-05,Friday,April,2024,0,0.0,353.79,338.83,159.71,5293.33,6145.66,-6145.66,414012.38,High,3193.47,1822.1,1425.32,730.61,5135.76,0.0,740.17
2024-04-06,Saturday,April,2024,1,0.0,2261.5,0.0,0.0,293.45,2554.95,-2554.95,411457.43,Medium,2929.38,1840.89,1689.4,6145.66,4403.54,0.0,980.44
2024-04-07,Sunday,April,2024,1,0.0,474.3,0.0,371.27,62.64,908.21,-908.21,410549.22,Low,2568.7,1849.64,2050.08,2554.95,3432.97,0.0,742.63
2024-04-08,Monday,April,2024,0,0.0,339.72,0.0,206.2,282.6,828.52,-828.52,409720.7,Low,1788.02,1854.44,-1788.02,908.21,6293.32,0.0,874.35
2024-04-09,Tuesday,April,2024,0,0.0,432.56,0.0,165.23,4939.6,5537.39,-5537.39,404183.31,High,2474.66,2009.38,-2474.66,828.52,730.87,0.0,1021.9
2024-04-10,Wednesday,April,2024,0,0.0,310.7,0.0,114.75,193.0,618.45,-618.45,403564.86,Low,2474.83,2005.81,-2474.83,5537.39,617.31,0.0,2570.88
2024-04-11,Thursday,April,2024,0,0.0,366.86,0.0,173.21,152.11,692.18,-692.18,402872.68,Low,2469.34,1991.45,-2469.34,618.45,730.61,0.0,715.13
2024-04-12,Friday,April,2024,0,2277.38,479.59,0.0,145.62,114.96,740.17,1537.21,404409.89,Low,1697.12,1985.48,-1371.78,692.18,6145.66,0.325,791.87
2024-04-13,Saturday,April,2024,1,0.0,422.63,0.0,301.72,256.09,980.44,-980.44,403429.45,Low,1472.19,2000.75,-1146.85,740.17,2554.95,0.0,547.16
2024-04-14,Sunday,April,2024,1,0.0,444.48,0.0,0.0,298.15,742.63,-742.63,402686.82,Low,1448.54,1994.97,-1123.2,980.44,908.21,0.0,6203.86
2024-04-15,Monday,April,2024,0,32884.18,450.28,0.0,271.27,152.8,874.35,32009.83,434696.65,Low,1455.09,1937.98,3567.99,742.63,828.52,0.0266,8040.08
2024-04-16,Tuesday,April,2024,0,0.0,337.98,240.69,187.41,255.82,1021.9,-1021.9,433674.75,Low,810.02,1951.5,4213.06,874.35,5537.39,0.0,689.26
2024-04-17,Wednesday,April,2024,0,0.0,2187.63,0.0,141.91,241.34,2570.88,-2570.88,431103.87,Medium,1088.94,1954.16,3934.14,1021.9,618.45,0.0,977.74
2024-04-18,Thursday,April,2024,0,0.0,334.13,0.0,161.88,219.12,715.13,-715.13,430388.74,Low,1092.21,1953.83,3930.87,2570.88,692.18,0.0,2688.8
2024-04-19,Friday,April,2024,0,0.0,435.98,0.0,113.74,242.15,791.87,-791.87,429596.87,Low,1099.6,1953.55,3598.14,715.13,740.17,0.0,489.12
2024-04-20,Saturday,April,2024,1,0.0,464.42,0.0,0.0,82.74,547.16,-547.16,429049.71,Low,1037.7,1951.05,3660.04,791.87,980.44,0.0,948.29
2024-04-21,Sunday,April,2024,1,0.0,485.27,0.0,0.0,5718.59,6203.86,-6203.86,422845.85,High,1817.88,2132.44,2879.86,547.16,742.63,0.0,5443.22
2024-04-22,Monday,April,2024,0,0.0,240.96,0.0,220.3,7578.82,8040.08,-8040.08,414805.77,High,2841.55,2377.9,-2841.55,6203.86,874.35,0.0,5533.68
2024-04-23,Tuesday,April,2024,0,0.0,296.68,0.0,113.26,279.32,689.26,-689.26,414116.51,Low,2794.03,2287.25,-2794.03,8040.08,1021.9,0.0,16128.05
2024-04-24,Wednesday,April,2024,0,0.0,446.61,0.0,256.06,275.07,977.74,-977.74,413138.77,Low,2566.44,2292.86,-2566.44,689.26,2570.88,0.0,685.32
2024-04-25,Thursday,April,2024,0,0.0,393.86,1880.4,206.11,208.43,2688.8,-2688.8,410449.97,Medium,2848.4,2353.5,-2848.4,977.74,715.13,0.0,811.73
2024-04-26,Friday,April,2024,0,7830.22,304.28,0.0,101.2,83.64,489.12,7341.1,417791.07,Low,2805.15,2345.66,-1686.54,2688.8,791.87,0.0625,733.98
2024-04-27,Saturday,April,2024,1,0.0,572.3,0.0,131.03,244.96,948.29,-948.29,416842.78,Low,2862.45,2255.05,-1743.85,489.12,547.16,0.0,1036.98
2024-04-28,Sunday,April,2024,1,7697.1,1845.15,580.93,0.0,3017.14,5443.22,2253.88,419096.66,Medium,2753.79,2265.3,-535.6,948.29,6203.86,0.7072,581.06
2024-04-29,Monday,April,2024,0,0.0,328.89,0.0,154.89,5049.9,5533.68,-5533.68,413562.98,High,2395.73,2302.97,-177.54,5443.22,8040.08,0.0,842.06
2024-04-30,Tuesday,April,2024,0,0.0,359.34,12575.29,157.52,3035.9,16128.05,-16128.05,397434.93,High,4601.27,2726.14,-2383.08,5533.68,689.26,0.0,7433.22
2024-05-01,Wednesday,May,2024,0,33211.72,326.66,0.0,164.04,194.62,685.32,32526.4,429961.33,Low,4559.5,2539.2,2403.22,16128.05,977.74,0.0206,753.86
2024-05-02,Thursday,May,2024,0,0.0,412.47,0.0,194.47,204.79,811.73,-811.73,429149.6,Low,4291.34,2541.9,2671.38,685.32,2688.8,0.0,2645.24
2024-05-03,Friday,May,2024,0,4276.33,513.18,0.0,139.41,81.39,733.98,3542.35,432691.95,Low,4326.32,2545.79,2128.7,811.73,489.12,0.1716,687.18
2024-05-04,Saturday,May,2024,1,0.0,733.78,0.0,117.11,186.09,1036.98,-1036.98,431654.97,Low,4338.99,2556.0,2116.03,733.98,948.29,0.0,745.07
2024-05-05,Sunday,May,2024,1,0.0,454.12,0.0,0.0,126.94,581.06,-581.06,431073.91,Low,3644.4,2370.51,1711.04,1036.98,5443.22,0.0,987.87
2024-05-06,Monday,May,2024,0,0.0,400.36,0.0,231.46,210.24,842.06,-842.06,430231.85,Low,2974.17,2313.42,2381.27,581.06,5533.68,0.0,535.86
2024-05-07,Tuesday,May,2024,0,0.0,410.58,159.42,251.85,6611.37,7433.22,-7433.22,422798.63,High,1732.05,2530.92,3623.39,842.06,16128.05,0.0,797.92
2024-05-08,Wednesday,May,2024,0,0.0,457.3,0.0,133.01,163.55,753.86,-753.86,422044.77,Low,1741.84,2528.43,-1130.94,7433.22,685.32,0.0,757.06
2024-05-09,Thursday,May,2024,0,0.0,344.34,2069.03,166.36,65.51,2645.24,-2645.24,419399.53,Medium,2003.77,2432.02,-1392.87,753.86,811.73,0.0,831.54
2024-05-10,Friday,May,2024,0,0.0,407.69,0.0,140.81,138.68,687.18,-687.18,418712.35,Low,1997.09,2434.31,-1997.09,2645.24,733.98,0.0,614.25
2024-05-11,Saturday,May,2024,1,0.0,491.64,0.0,0.0,253.43,745.07,-745.07,417967.28,Low,1955.38,2436.08,-1955.38,687.18,1036.98,0.0,3971.35
2024-05-12,Sunday,May,2024,1,0.0,594.28,0.0,243.22,150.37,987.87,-987.87,416979.41,Low,2013.5,2444.33,-2013.5,745.07,581.06,0.0,658.56
2024-05-13,Monday,May,2024,0,0.0,305.57,0.0,165.65,64.64,535.86,-535.86,416443.55,Low,1969.76,2429.52,-1969.76,987.87,842.06,0.0,764.02
2024-05-14,Tuesday,May,2024,0,0.0,391.77,0.0,221.08,185.07,797.92,-797.92,415645.63,Low,1021.86,2431.36,-1021.86,535.86,7433.22,0.0,808.5
2024-05-15,Wednesday,May,2024,0,33089.31,387.01,0.0,171.13,198.92,757.06,32332.25,447977.88,Low,1022.31,2427.45,3704.73,797.92,753.86,0.0229,6213.91
2024-05-16,Thursday,May,2024,0,0.0,303.52,0.0,270.86,257.16,831.54,-831.54,447146.34,Low,763.21,2421.1,3963.83,757.06,2645.24,0.0,820.17
2024-05-17,Friday,May,2024,0,0.0,351.8,0.0,202.38,60.07,614.25,-614.25,446532.09,Low,752.8,2355.88,3974.25,831.54,687.18,0.0,746.05
2024-05-18,Saturday,May,2024,1,0.0,439.13,452.51,3024.19,55.52,3971.35,-3971.35,442560.74,High,1213.69,2464.42,3513.35,614.25,745.07,0.0,654.73
2024-05-19,Sunday,May,2024,1,0.0,458.69,0.0,0.0,199.87,658.56,-658.56,441902.18,Low,1166.65,2459.98,3560.4,3971.35,987.87,0.0,1692.74
2024-05-20,Monday,May,2024,0,0.0,432.71,0.0,193.03,138.28,764.02,-764.02,441138.16,Low,1199.24,2467.21,3527.8,658.56,535.86,0.0,639.62
2024-05-21,Tuesday,May,2024,0,0.0,456.3,0.0,198.66,153.54,808.5,-808.5,440329.66,Low,1200.75,2287.36,3526.29,764.02,797.92,0.0,16071.81
2024-05-22,Wednesday,May,2024,0,0.0,465.24,0.0,224.12,5524.55,6213.91,-6213.91,434115.75,High,1980.3,2226.49,-1980.3,808.5,757.06,0.0,2660.73
2024-05-23,Thursday,May,2024,0,0.0,503.41,0.0,156.3,160.46,820.17,-820.17,433295.58,Low,1978.68,2230.85,-1978.68,6213.91,831.54,0.0,2465.47
2024-05-24,Friday,May,2024,0,0.0,393.23,0.0,174.89,177.93,746.05,-746.05,432549.53,Low,1997.51,2223.13,-1997.51,820.17,614.25,0.0,3037.39
2024-05-25,Saturday,May,2024,1,0.0,461.26,0.0,0.0,193.47,654.73,-654.73,431894.8,Low,1523.71,2155.33,-1523.71,746.05,3971.35,0.0,764.05
2024-05-26,Sunday,May,2024,1,0.0,1475.76,0.0,155.58,61.4,1692.74,-1692.74,430202.06,Medium,1671.45,2195.45,-1671.45,654.73,658.56,0.0,3590.09
2024-05-27,Monday,May,2024,0,0.0,382.46,0.0,176.34,80.82,639.62,-639.62,429562.44,Low,1653.67,2185.16,-1653.67,1692.74,764.02,0.0,851.37
2024-05-28,Tuesday,May,2024,0,0.0,372.76,13896.09,219.11,1583.85,16071.81,-16071.81,413490.63,High,3834.15,2539.45,-3834.15,639.62,808.5,0.0,3981.62
2024-05-29,Wednesday,May,2024,0,0.0,241.55,0.0,165.55,2253.63,2660.73,-2660.73,410829.9,Medium,3326.55,2443.68,-3326.55,16071.81,6213.91,0.0,739.35
2024-05-30,Thursday,May,2024,0,0.0,373.84,0.0,143.02,1948.61,2465.47,-2465.47,408364.43,Medium,3561.59,1988.26,-3561.59,2660.73,820.17,0.0,604.27
2024-05-31,Friday,May,2024,0,0.0,274.48,0.0,212.62,2550.29,3037.39,-3037.39,405327.04,Medium,3888.93,2066.66,-3888.93,2465.47,746.05,0.0,829.33
2024-06-01,Saturday,June,2024,1,32361.53,514.26,0.0,0.0,249.79,764.05,31597.48,436924.52,Low,3904.54,2065.07,718.53,3037.39,654.73,0.0236,5560.7
2024-06-02,Sunday,June,2024,1,0.0,514.78,0.0,3010.41,64.9,3590.09,-3590.09,433334.43,High,4175.59,2160.28,447.48,764.05,1692.74,0.0,891.79
2024-06-03,Monday,June,2024,0,0.0,460.91,0.0,91.33,299.13,851.37,-851.37,432483.06,Low,4205.84,2154.09,417.23,3590.09,639.62,0.0,757.84
2024-06-04,Tuesday,June,2024,0,0.0,313.13,3223.08,168.65,276.76,3981.62,-3981.62,428501.44,High,2478.67,2267.44,2144.4,851.37,16071.81,0.0,846.16
2024-06-05,Wednesday,June,2024,0,0.0,466.65,0.0,133.25,139.45,739.35,-739.35,427762.09,Low,2204.19,2264.02,2418.88,3981.62,2660.73,0.0,615.92
2024-06-06,Thursday,June,2024,0,0.0,371.3,0.0,130.44,102.53,604.27,-604.27,427157.82,Low,1938.31,2036.39,2684.77,739.35,2465.47,0.0,726.48
2024-06-07,Friday,June,2024,0,4838.65,399.44,0.0,238.04,191.85,829.33,4009.32,431167.14,Low,1622.87,2038.9,3691.44,604.27,3037.39,0.1714,661.23
2024-06-08,Saturday,June,2024,1,0.0,487.37,0.0,225.73,4847.6,5560.7,-5560.7,425606.44,High,2308.1,2136.09,-1616.87,829.33,764.05,0.0,1099.06
2024-06-09,Sunday,June,2024,1,0.0,723.88,0.0,0.0,167.91,891.79,-891.79,424714.65,Low,1922.63,2142.91,-1231.4,5560.7,3590.09,0.0,953.6
2024-06-10,Monday,June,2024,0,0.0,236.09,238.33,227.78,55.64,757.84,-757.84,423956.81,Low,1909.27,2143.33,-1218.04,891.79,851.37,0.0,735.46
2024-06-11,Tuesday,June,2024,0,0.0,392.54,0.0,216.16,237.46,846.16,-846.16,423110.65,Low,1461.35,2138.61,-770.11,757.84,3981.62,0.0,2922.94
2024-06-12,Wednesday,June,2024,0,0.0,340.92,0.0,148.4,126.6,615.92,-615.92,422494.73,Low,1443.72,2141.28,-752.48,846.16,739.35,0.0,816.98
2024-06-13,Thursday,June,2024,0,0.0,502.44,0.0,131.08,92.96,726.48,-726.48,421768.25,Low,1461.17,2138.9,-769.94,615.92,604.27,0.0,643.52
2024-06-14,Friday,June,2024,0,0.0,331.41,0.0,117.48,212.34,661.23,-661.23,421107.02,Low,1437.16,2135.7,-1437.16,726.48,829.33,0.0,692.77
2024-06-15,Saturday,June,2024,1,32314.12,597.73,0.0,379.52,121.81,1099.06,31215.06,452322.08,Low,799.78,2144.62,3816.52,661.23,5560.7,0.034,3698.04
2024-06-16,Sunday,June,2024,1,3848.65,486.1,0.0,357.73,109.77,953.6,2895.05,455217.13,Low,808.61,2155.93,4357.5,1099.06,891.79,0.2478,3607.85
2024-06-17,Monday,June,2024,0,0.0,407.22,0.0,202.39,125.85,735.46,-735.46,454481.67,Low,805.42,2048.07,4360.69,953.6,757.84,0.0,1007.63
2024-06-18,Tuesday,June,2024,0,0.0,390.15,2105.18,195.28,232.33,2922.94,-2922.94,451558.73,Medium,1102.1,2123.55,4064.01,735.46,846.16,0.0,840.68
2024-06-19,Wednesday,June,2024,0,0.0,324.77,0.0,255.91,236.3,816.98,-816.98,450741.75,Low,1130.82,2125.31,4035.29,2922.94,615.92,0.0,868.65
2024-06-20,Thursday,June,2024,0,0.0,316.58,0.0,184.38,142.56,643.52,-643.52,450098.23,Low,1118.97,2119.81,4047.14,816.98,726.48,0.0,876.96
2024-06-21,Friday,June,2024,0,0.0,382.91,0.0,175.05,134.81,692.77,-692.77,449405.46,Low,1123.48,1935.77,4042.63,643.52,661.23,0.0,5739.06
2024-06-22,Saturday,June,2024,1,0.0,550.35,0.0,3022.07,125.62,3698.04,-3698.04,445707.42,High,1494.76,2031.7,-944.95,692.77,1099.06,0.0,3650.87
2024-06-23,Sunday,June,2024,1,0.0,460.88,2769.84,199.49,177.64,3607.85,-3607.85,442099.57,High,1873.94,2127.1,-1873.94,3698.04,953.6,0.0,3308.03
2024-06-24,Monday,June,2024,0,0.0,405.42,211.79,174.84,215.58,1007.63,-1007.63,441091.94,Low,1912.82,2138.86,-1912.82,3607.85,735.46,0.0,896.58
2024-06-25,Tuesday,June,2024,0,0.0,400.07,0.0,221.18,219.43,840.68,-840.68,440251.26,Low,1615.35,2110.46,-1615.35,1007.63,2922.94,0.0,626.1
2024-06-26,Wednesday,June,2024,0,0.0,434.53,0.0,171.85,262.27,868.65,-868.65,439382.61,Low,1622.73,2118.09,-1622.73,840.68,816.98,0.0,565.83
2024-06-27,Thursday,June,2024,0,0.0,495.06,0.0,204.12,177.78,876.96,-876.96,438505.65,Low,1656.08,1611.6,-1656.08,868.65,643.52,0.0,622.34
2024-06-28,Friday,June,2024,0,0.0,322.89,469.22,228.73,4718.22,5739.06,-5739.06,432766.59,High,2376.98,1714.21,-2376.98,876.96,692.77,0.0,763.55
2024-06-29,Saturday,June,2024,1,0.0,602.8,171.24,388.42,2488.41,3650.87,-3650.87,429115.72,High,2370.24,1753.72,-2370.24,5739.06,3698.04,0.0,572.17
2024-06-30,Sunday,June,2024,1,0.0,464.41,0.0,0.0,2843.62,3308.03,-3308.03,425807.69,Medium,2327.41,1762.74,-2327.41,3650.87,3607.85,0.0,666.16
2024-07-01,Monday,July,2024,0,33481.76,378.99,0.0,221.91,295.68,896.58,32585.18,458392.87,Low,2311.55,1767.16,2471.56,3308.03,1007.63,0.0268,877.4
2024-07-02,Tuesday,July,2024,0,7305.17,277.34,0.0,249.83,98.93,626.1,6679.07,465071.94,Low,2280.89,1668.36,3545.81,896.58,840.68,0.0857,763.03
2024-07-03,Wednesday,July,2024,0,0.0,300.26,0.0,87.35,178.22,565.83,-565.83,464506.11,Low,2237.63,1658.84,3589.07,626.1,868.65,0.0,705.05
2024-07-04,Thursday,July,2024,0,0.0,377.82,0.0,180.84,63.68,622.34,-622.34,463883.77,Low,2201.26,1546.87,3625.45,565.83,876.96,0.0,1880.79
2024-07-05,Friday,July,2024,0,0.0,331.69,0.0,200.85,231.01,763.55,-763.55,463120.22,Low,1490.47,1547.67,4336.23,622.34,5739.06,0.0,731.07
2024-07-06,Saturday,July,2024,1,0.0,513.27,0.0,0.0,58.9,572.17,-572.17,462548.05,Low,1050.66,1546.6,4776.05,763.55,3650.87,0.0,538.19
2024-07-07,Sunday,July,2024,1,0.0,419.16,0.0,111.69,135.31,666.16,-666.16,461881.89,Low,673.25,1541.16,5153.46,572.17,3308.03,0.0,738.32
2024-07-08,Monday,July,2024,0,0.0,451.77,0.0,181.12,244.51,877.4,-877.4,461004.49,Low,670.51,1385.06,373.09,666.16,896.58,0.0,877.77
2024-07-09,Tuesday,July,2024,0,0.0,398.87,0.0,179.56,184.6,763.03,-763.03,460241.46,Low,690.07,1380.76,-690.07,877.4,626.1,0.0,666.98
2024-07-10,Wednesday,July,2024,0,0.0,396.69,0.0,157.49,150.87,705.05,-705.05,459536.41,Low,709.96,1379.0,-709.96,763.03,565.83,0.0,647.51
2024-07-11,Thursday,July,2024,0,0.0,1612.3,0.0,160.1,108.39,1880.79,-1880.79,457655.62,Medium,889.74,1413.49,-889.74,705.05,622.34,0.0,609.89
2024-07-12,Friday,July,2024,0,0.0,263.23,0.0,198.86,268.98,731.07,-731.07,456924.55,Low,885.1,1417.33,-885.1,1880.79,763.55,0.0,2682.27
2024-07-13,Saturday,July,2024,1,0.0,447.12,0.0,0.0,91.07,538.19,-538.19,456386.36,Low,880.24,1411.05,-880.24,731.07,572.17,0.0,929.13
2024-07-14,Sunday,July,2024,1,0.0,483.01,0.0,0.0,255.31,738.32,-738.32,455648.04,Low,890.55,1413.62,-890.55,538.19,666.16,0.0,700.82
2024-07-15,Monday,July,2024,0,32868.93,351.28,0.0,242.79,283.7,877.77,31991.16,487639.2,Low,890.6,1406.25,3804.96,738.32,877.4,0.0267,689.56
2024-07-16,Tuesday,July,2024,0,0.0,382.45,0.0,140.27,144.26,666.98,-666.98,486972.22,Low,876.88,1396.69,3818.68,877.77,763.03,0.0,659.77
2024-07-17,Wednesday,July,2024,0,0.0,312.17,0.0,159.5,175.84,647.51,-647.51,486324.71,Low,868.66,1393.76,3826.9,666.98,705.05,0.0,916.44
2024-07-18,Thursday,July,2024,0,0.0,319.81,0.0,145.74,144.34,609.89,-609.89,485714.82,Low,687.1,1316.66,4008.46,647.51,1880.79,0.0,686.69
2024-07-19,Friday,July,2024,0,4191.9,384.33,2010.35,202.29,85.3,2682.27,1509.63,487224.45,Low,965.85,1378.84,4328.56,609.89,731.07,0.6399,790.75
2024-07-20,Saturday,July,2024,1,0.0,498.56,0.0,332.57,98.0,929.13,-929.13,486295.32,Low,1021.7,1388.36,4272.71,2682.27,538.19,0.0,894.92
2024-07-21,Sunday,July,2024,1,0.0,613.69,0.0,0.0,87.13,700.82,-700.82,485594.5,Low,1016.34,1388.62,4278.07,929.13,738.32,0.0,5517.57
2024-07-22,Monday,July,2024,0,0.0,409.16,0.0,155.43,124.97,689.56,-689.56,484904.94,Low,989.45,1288.34,-390.61,700.82,877.77,0.0,4336.69
2024-07-23,Tuesday,July,2024,0,0.0,332.01,0.0,160.5,167.26,659.77,-659.77,484245.17,Low,988.42,1190.07,-389.58,689.56,666.98,0.0,5573.73
2024-07-24,Wednesday,July,2024,0,0.0,412.58,304.32,135.6,63.94,916.44,-916.44,483328.73,Low,1026.84,1187.03,-428.0,659.77,647.51,0.0,4240.37
2024-07-25,Thursday,July,2024,0,0.0,452.33,0.0,161.92,72.44,686.69,-686.69,482642.04,Low,1037.81,1181.9,-438.97,916.44,609.89,0.0,604.96
2024-07-26,Friday,July,2024,0,5870.88,326.85,0.0,192.78,271.12,790.75,5080.13,487722.17,Low,767.59,1179.3,71.1,686.69,2682.27,0.1347,746.47
2024-07-27,Saturday,July,2024,1,0.0,654.96,0.0,0.0,239.96,894.92,-894.92,486827.25,Low,762.71,1179.9,75.99,790.75,929.13,0.0,8418.11
2024-07-28,Sunday,July,2024,1,0.0,564.37,0.0,0.0,4953.2,5517.57,-5517.57,481309.68,High,1450.81,1172.52,-612.12,894.92,700.82,0.0,1369.91
2024-07-29,Monday,July,2024,0,0.0,475.81,0.0,92.15,3768.73,4336.69,-4336.69,476972.99,High,1971.83,1195.38,-1133.14,5517.57,689.56,0.0,746.36
2024-07-30,Tuesday,July,2024,0,0.0,367.49,0.0,164.28,5041.96,5573.73,-5573.73,471399.26,High,2673.83,1270.9,-1835.13,4336.69,659.77,0.0,895.42
2024-07-31,Wednesday,July,2024,0,0.0,442.91,327.77,175.02,3294.67,4240.37,-4240.37,467158.89,High,3148.67,1382.36,-2309.98,5573.73,916.44,0.0,716.1
2024-08-01,Thursday,August,2024,0,31944.78,304.42,0.0,199.52,101.02,604.96,31339.82,498498.71,Low,3137.0,1381.66,2265.24,4240.37,686.69,0.0189,782.72
2024-08-02,Friday,August,2024,0,0.0,280.86,0.0,176.33,289.28,746.47,-746.47,497752.24,Low,3130.67,1387.68,1432.87,604.96,790.75,0.0,3756.61
2024-08-03,Saturday,August,2024,1,0.0,515.53,0.0,0.0,7902.58,8418.11,-8418.11,489334.13,High,4205.41,1647.54,358.13,746.47,894.92,0.0,682.49
2024-08-04,Sunday,August,2024,1,0.0,593.36,397.8,145.94,232.81,1369.91,-1369.91,487964.22,Low,3612.89,1667.75,950.65,8418.11,5517.57,0.0,932.0
2024-08-05,Monday,August,2024,0,0.0,257.44,0.0,214.57,274.35,746.36,-746.36,487217.86,Low,3099.99,1673.56,1463.55,1369.91,4336.69,0.0,690.18
2024-08-06,Tuesday,August,2024,0,0.0,402.57,0.0,229.21,263.64,895.42,-895.42,486322.44,Low,2431.66,1681.2,2131.88,746.36,5573.73,0.0,841.2
2024-08-07,Wednesday,August,2024,0,0.0,384.28,0.0,174.23,157.59,716.1,-716.1,485606.34,Low,1928.19,1675.82,2635.35,895.42,4240.37,0.0,650.28
2024-08-08,Thursday,August,2024,0,0.0,519.53,0.0,202.82,60.37,782.72,-782.72,484823.62,Low,1953.58,1676.48,-1953.58,716.1,604.96,0.0,747.73
2024-08-09,Friday,August,2024,0,0.0,404.6,2854.26,215.21,282.54,3756.61,-3756.61,481067.01,High,2383.6,1778.2,-2383.6,782.72,746.47,0.0,661.65
2024-08-10,Saturday,August,2024,1,0.0,478.19,0.0,0.0,204.3,682.49,-682.49,480384.52,Low,1278.52,1738.25,-1278.52,3756.61,8418.11,0.0,824.24
2024-08-11,Sunday,August,2024,1,0.0,448.64,0.0,277.52,205.84,932.0,-932.0,479452.52,Low,1215.96,1744.95,-1215.96,682.49,1369.91,0.0,836.07
2024-08-12,Monday,August,2024,0,0.0,244.64,0.0,194.25,251.29,690.18,-690.18,478762.34,Low,1207.93,1750.02,-1207.93,932.0,746.36,0.0,788.35
2024-08-13,Tuesday,August,2024,0,0.0,502.64,0.0,149.02,189.54,841.2,-841.2,477921.14,Low,1200.19,1753.45,-1200.19,690.18,895.42,0.0,5509.22
2024-08-14,Wednesday,August,2024,0,0.0,378.3,0.0,212.8,59.18,650.28,-650.28,477270.86,Low,1190.78,1745.86,-1190.78,841.2,716.1,0.0,715.35
2024-08-15,Thursday,August,2024,0,39300.01,362.95,0.0,275.63,109.15,747.73,38552.28,515823.14,Low,1185.78,1748.56,4428.5,650.28,782.72,0.019,674.92
2024-08-16,Friday,August,2024,0,0.0,402.44,0.0,160.47,98.74,661.65,-661.65,515161.49,Low,743.65,1749.03,4870.64,747.73,3756.61,0.0,833.91
2024-08-17,Saturday,August,2024,1,0.0,565.7,0.0,0.0,258.54,824.24,-824.24,514337.25,Low,763.9,1756.17,4850.39,661.65,682.49,0.0,1129.72
2024-08-18,Sunday,August,2024,1,5503.2,468.24,0.0,234.72,133.11,836.07,4667.13,519004.38,Low,750.19,1694.63,5650.27,824.24,932.0,0.1519,561.86
2024-08-19,Monday,August,2024,0,0.0,423.11,0.0,243.94,121.3,788.35,-788.35,518216.03,Low,764.22,1689.94,5636.24,836.07,690.18,0.0,751.35
2024-08-20,Tuesday,August,2024,0,0.0,429.98,0.0,141.46,4937.78,5509.22,-5509.22,512706.81,High,1431.08,1850.22,4969.38,788.35,841.2,0.0,1450.74
2024-08-21,Wednesday,August,2024,0,0.0,303.16,0.0,149.18,263.01,715.35,-715.35,511991.46,Low,1440.37,1851.08,4960.09,5509.22,650.28,0.0,5703.56
2024-08-22,Thursday,August,2024,0,0.0,298.29,0.0,175.83,200.8,674.92,-674.92,511316.54,Low,1429.97,1851.58,-643.8,715.35,747.73,0.0,3532.25
2024-08-23,Friday,August,2024,0,0.0,403.49,0.0,188.83,241.59,833.91,-833.91,510482.63,Low,1454.58,1848.83,-668.41,674.92,661.65,0.0,5361.06
2024-08-24,Saturday,August,2024,1,0.0,421.93,430.58,0.0,277.21,1129.72,-1129.72,509352.91,Low,1498.22,1863.6,-712.05,833.91,824.24,0.0,5053.46
2024-08-25,Sunday,August,2024,1,0.0,430.32,0.0,0.0,131.54,561.86,-561.86,508791.05,Low,1459.05,1855.97,-1459.05,1129.72,836.07,0.0,973.34
2024-08-26,Monday,August,2024,0,0.0,340.68,0.0,168.4,242.27,751.35,-751.35,508039.7,Low,1453.76,1851.18,-1453.76,561.86,788.35,0.0,6745.22
2024-08-27,Tuesday,August,2024,0,0.0,1195.88,0.0,183.18,71.68,1450.74,-1450.74,506588.96,Low,873.98,1715.62,-873.98,751.35,5509.22,0.0,710.78
2024-08-28,Wednesday,August,2024,0,0.0,382.23,210.16,186.68,4924.49,5703.56,-5703.56,500885.4,High,1586.58,1761.19,-1586.58,1450.74,715.35,0.0,828.23
2024-08-29,Thursday,August,2024,0,0.0,405.05,0.0,205.97,2921.23,3532.25,-3532.25,497353.15,High,1994.77,1693.14,-1994.77,5703.56,674.92,0.0,601.57
2024-08-30,Friday,August,2024,0,0.0,430.57,0.0,228.49,4702.0,5361.06,-5361.06,491992.09,High,2641.51,1730.49,-2641.51,3532.25,833.91,0.0,618.21
2024-08-31,Saturday,August,2024,1,0.0,467.16,0.0,326.86,4259.44,5053.46,-5053.46,486938.63,High,3202.04,1878.78,-3202.04,5361.06,1129.72,0.0,731.81
2024-09-01,Sunday,September,2024,1,32283.8,482.26,0.0,219.99,271.09,973.34,31310.46,518249.09,Low,3260.82,1886.34,1351.15,5053.46,561.86,0.0301,2378.54
2024-09-02,Monday,September,2024,0,0.0,320.93,0.0,251.95,6172.34,6745.22,-6745.22,511503.87,High,4117.09,1830.58,494.88,973.34,751.35,0.0,735.96
2024-09-03,Tuesday,September,2024,0,0.0,370.82,0.0,164.47,175.49,710.78,-710.78,510793.09,Low,4011.38,1808.6,600.59,6745.22,1450.74,0.0,564.12
2024-09-04,Wednesday,September,2024,0,0.0,464.7,0.0,194.75,168.78,828.23,-828.23,509964.86,Low,3314.91,1811.33,1297.07,710.78,5703.56,0.0,732.4
2024-09-05,Thursday,September,2024,0,0.0,344.64,0.0,189.74,67.19,601.57,-601.57,509363.29,Low,2896.24,1801.54,1715.73,828.23,3532.25,0.0,3100.3
2024-09-06,Friday,September,2024,0,0.0,361.81,0.0,192.75,63.65,618.21,-618.21,508745.08,Low,2218.69,1798.28,2393.28,601.57,5361.06,0.0,681.42
2024-09-07,Saturday,September,2024,1,0.0,486.8,0.0,0.0,245.01,731.81,-731.81,508013.27,Low,1601.31,1796.58,3010.66,618.21,5053.46,0.0,2597.75
2024-09-08,Sunday,September,2024,1,0.0,349.66,0.0,1857.57,171.31,2378.54,-2378.54,505634.73,Medium,1802.05,1750.64,-1802.05,731.81,973.34,0.0,4578.22
2024-09-09,Monday,September,2024,0,0.0,495.51,0.0,166.28,74.17,735.96,-735.96,504898.77,Low,943.59,1752.43,-943.59,2378.54,6745.22,0.0,801.46
2024-09-10,Tuesday,September,2024,0,0.0,371.66,0.0,135.68,56.78,564.12,-564.12,504334.65,Low,922.63,1740.16,-922.63,735.96,710.78,0.0,13646.9
2024-09-11,Wednesday,September,2024,0,8095.12,367.64,0.0,217.46,147.3,732.4,7362.72,511697.37,Low,908.94,1741.57,247.5,564.12,828.23,0.0905,770.72
2024-09-12,Thursday,September,2024,0,0.0,449.11,2370.61,117.37,163.21,3100.3,-3100.3,508597.07,Medium,1265.91,1816.87,-109.46,732.4,601.57,0.0,536.52
2024-09-13,Friday,September,2024,0,0.0,393.79,0.0,136.39,151.24,681.42,-681.42,507915.65,Low,1274.94,1817.91,-118.49,3100.3,618.21,0.0,3311.91
2024-09-14,Saturday,September,2024,1,6628.33,553.52,0.0,1758.05,286.18,2597.75,4030.58,511946.23,Low,1541.5,1879.58,561.85,681.42,731.81,0.3919,819.37
2024-09-15,Sunday,September,2024,1,30116.3,1623.44,0.0,2832.9,121.88,4578.22,25538.08,537484.31,Medium,1855.74,2010.13,4549.94,2597.75,2378.54,0.152,891.41
2024-09-16,Monday,September,2024,0,0.0,414.18,0.0,280.46,106.82,801.46,-801.46,536682.85,Low,1865.1,2009.37,4540.58,4578.22,735.96,0.0,665.38
2024-09-17,Tuesday,September,2024,0,0.0,375.37,12947.44,231.47,92.62,13646.9,-13646.9,523035.95,High,3734.06,2436.4,2671.61,801.46,564.12,0.0,808.35
2024-09-18,Wednesday,September,2024,0,0.0,338.47,0.0,238.13,194.12,770.72,-770.72,522265.23,Low,3739.54,2435.81,1509.69,13646.9,732.4,0.0,536.54
2024-09-19,Thursday,September,2024,0,0.0,372.93,0.0,111.32,52.27,536.52,-536.52,521728.71,Low,3373.28,2270.06,1875.95,770.72,3100.3,0.0,780.98
2024-09-20,Friday,September,2024,0,0.0,380.09,2513.76,222.28,195.78,3311.91,-3311.91,518416.8,Medium,3749.07,2356.61,1500.16,536.52,681.42,0.0,870.55
2024-09-21,Saturday,September,2024,1,0.0,527.69,0.0,0.0,291.68,819.37,-819.37,517597.43,Low,3495.01,2361.42,807.31,3311.91,2597.75,0.0,3386.58
2024-09-22,Sunday,September,2024,1,0.0,576.74,0.0,196.3,118.37,891.41,-891.41,516706.02,Low,2968.33,2363.34,-2968.33,819.37,4578.22,0.0,5356.84
2024-09-23,Monday,September,2024,0,2394.36,359.09,0.0,176.11,130.18,665.38,1728.98,518435.0,Low,2948.89,2347.86,-2606.84,891.41,801.46,0.2779,4941.78
2024-09-24,Tuesday,September,2024,0,0.0,248.78,0.0,263.73,295.84,808.35,-808.35,517626.65,Low,1114.81,2356.08,-772.76,665.38,13646.9,0.0,753.14
2024-09-25,Wednesday,September,2024,0,0.0,280.03,0.0,190.49,66.02,536.54,-536.54,517090.11,Low,1081.35,2348.92,-739.3,808.35,770.72,0.0,806.96
2024-09-26,Thursday,September,2024,0,0.0,338.48,163.66,174.44,104.4,780.98,-780.98,516309.13,Low,1116.28,2326.59,-774.23,536.54,536.52,0.0,749.54
2024-09-27,Friday,September,2024,0,0.0,456.09,0.0,228.26,186.2,870.55,-870.55,515438.58,Low,767.51,2165.49,-425.46,780.98,3311.91,0.0,558.0
2024-09-28,Saturday,September,2024,1,0.0,376.7,0.0,0.0,3009.88,3386.58,-3386.58,512052.0,Medium,1134.26,2160.64,-792.2,870.55,819.37,0.0,756.64
2024-09-29,Sunday,September,2024,1,0.0,455.19,0.0,180.04,4721.61,5356.84,-5356.84,506695.16,High,1772.17,2160.49,-1430.12,3386.58,891.41,0.0,901.89
2024-09-30,Monday,September,2024,0,0.0,425.43,0.0,111.15,4405.2,4941.78,-4941.78,501753.38,High,2383.09,2156.77,-2383.09,5356.84,665.38,0.0,583.48
2024-10-01,Tuesday,October,2024,0,31667.09,347.82,0.0,108.48,296.84,753.14,30913.95,532667.33,Low,2375.2,2149.43,2148.67,4941.78,808.35,0.0238,817.65
2024-10-02,Wednesday,October,2024,0,0.0,426.91,0.0,187.98,192.07,806.96,-806.96,531860.37,Low,2413.83,1951.49,2110.04,753.14,536.54,0.0,637.08
2024-10-03,Thursday,October,2024,0,0.0,433.77,0.0,107.84,207.93,749.54,-749.54,531110.83,Low,2409.34,1952.78,2114.53,806.96,780.98,0.0,1137.13
2024-10-04,Friday,October,2024,0,3862.87,250.61,0.0,176.69,130.7,558.0,3304.87,534415.7,Low,2364.69,1943.77,2711.02,749.54,870.55,0.1445,636.12
2024-10-05,Saturday,October,2024,1,0.0,545.66,0.0,0.0,210.98,756.64,-756.64,533659.06,Low,1988.99,1948.94,3086.72,558.0,3386.58,0.0,2355.86
2024-10-06,Sunday,October,2024,1,0.0,572.92,0.0,258.61,70.36,901.89,-901.89,532757.17,Low,1352.56,1958.4,3723.14,756.64,5356.84,0.0,892.38
2024-10-07,Monday,October,2024,0,0.0,307.23,0.0,185.41,90.84,583.48,-583.48,532173.69,Low,729.95,1953.46,4345.76,901.89,4941.78,0.0,787.41
2024-10-08,Tuesday,October,2024,0,0.0,383.1,0.0,222.16,212.39,817.65,-817.65,531356.04,Low,739.17,1901.43,-187.33,583.48,753.14,0.0,740.17
2024-10-09,Wednesday,October,2024,0,0.0,334.79,0.0,187.92,114.37,637.08,-637.08,530718.96,Low,714.9,1898.13,-163.06,817.65,806.96,0.0,932.05
2024-10-10,Thursday,October,2024,0,0.0,415.32,469.66,174.02,78.13,1137.13,-1137.13,529581.83,Low,770.27,1917.23,-218.43,637.08,749.54,0.0,708.36
2024-10-11,Friday,October,2024,0,0.0,287.46,0.0,228.88,119.78,636.12,-636.12,528945.71,Low,781.43,1914.02,-781.43,1137.13,558.0,0.0,730.19
2024-10-12,Saturday,October,2024,1,7573.51,577.08,1350.14,346.55,82.09,2355.86,5217.65,534163.36,Low,1009.89,1889.21,72.04,636.12,756.64,0.3111,677.68
2024-10-13,Sunday,October,2024,1,0.0,555.03,0.0,111.98,225.37,892.38,-892.38,533270.98,Low,1008.53,1896.24,73.4,2355.86,901.89,0.0,855.0
2024-10-14,Monday,October,2024,0,5415.16,428.33,0.0,177.75,181.33,787.41,4627.75,537898.73,Low,1037.66,1835.89,817.86,892.38,583.48,0.1454,635.04
2024-10-15,Tuesday,October,2024,0,32345.49,392.91,0.0,230.22,117.04,740.17,31605.32,569504.05,Low,1026.59,1707.96,5449.72,787.41,817.65,0.0229,3345.76
2024-10-16,Wednesday,October,2024,0,0.0,439.29,0.0,220.05,272.71,932.05,-932.05,568572.0,Low,1068.73,1712.31,5407.58,740.17,637.08,0.0,788.23
2024-10-17,Thursday,October,2024,0,0.0,395.15,0.0,157.88,155.33,708.36,-708.36,567863.64,Low,1007.48,1281.03,5468.83,932.05,1137.13,0.0,767.43
2024-10-18,Friday,October,2024,0,0.0,423.09,0.0,171.5,135.6,730.19,-730.19,567133.45,Low,1020.92,1279.68,5455.39,708.36,636.12,0.0,1013.77
2024-10-19,Saturday,October,2024,1,0.0,613.43,0.0,0.0,64.25,677.68,-677.68,566455.77,Low,781.18,1284.38,4613.2,730.19,2355.86,0.0,845.48
2024-10-20,Sunday,October,2024,1,0.0,621.19,0.0,0.0,233.81,855.0,-855.0,565600.77,Low,775.84,1202.48,4618.54,677.68,892.38,0.0,809.17
2024-10-21,Monday,October,2024,0,0.0,396.71,0.0,156.8,81.53,635.04,-635.04,564965.73,Low,754.07,1196.34,3866.71,855.0,787.41,0.0,4708.43
2024-10-22,Tuesday,October,2024,0,0.0,303.06,2645.2,192.93,204.57,3345.76,-3345.76,561619.97,Medium,1126.3,1278.15,-1126.3,635.04,740.17,0.0,2685.5
2024-10-23,Wednesday,October,2024,0,0.0,461.19,0.0,205.51,121.53,788.23,-788.23,560831.74,Low,1105.75,1282.25,-1105.75,3345.76,932.05,0.0,4643.17
2024-10-24,Thursday,October,2024,0,0.0,407.15,0.0,132.22,228.06,767.43,-767.43,560064.31,Low,1114.19,1280.88,-1114.19,788.23,708.36,0.0,5120.91
2024-10-25,Friday,October,2024,0,0.0,396.52,245.27,196.83,175.15,1013.77,-1013.77,559050.54,Low,1154.7,1296.79,-1154.7,767.43,730.19,0.0,14714.38
2024-10-26,Saturday,October,2024,1,0.0,459.74,0.0,147.03,238.71,845.48,-845.48,558205.06,Low,1178.67,1298.94,-1178.67,1013.77,677.68,0.0,761.95
2024-10-27,Sunday,October,2024,1,0.0,530.35,0.0,0.0,278.82,809.17,-809.17,557395.89,Low,1172.13,1296.89,-1172.13,845.48,855.0,0.0,1277.8
2024-10-28,Monday,October,2024,0,0.0,375.1,0.0,178.03,4155.3,4708.43,-4708.43,552687.46,High,1754.04,1340.96,-1754.04,809.17,635.04,0.0,1912.81
2024-10-29,Tuesday,October,2024,0,0.0,409.69,0.0,234.34,2041.47,2685.5,-2685.5,550001.96,Medium,1659.72,1251.91,-1659.72,4708.43,3345.76,0.0,611.64
2024-10-30,Wednesday,October,2024,0,0.0,355.05,0.0,233.87,4054.25,4643.17,-4643.17,545358.79,High,2210.42,1241.96,-2210.42,2685.5,788.23,0.0,3961.88
2024-10-31,Thursday,October,2024,0,0.0,296.27,0.0,218.9,4605.74,5120.91,-5120.91,540237.88,High,2832.35,1387.55,-2832.35,4643.17,767.43,0.0,745.19
2024-11-01,Friday,November,2024,0,32311.57,448.66,13926.82,228.0,110.9,14714.38,17597.19,557835.07,High,4789.58,1851.13,-173.64,5120.91,1013.77,0.4554,16345.96
2024-11-02,Saturday,November,2024,1,0.0,521.42,0.0,0.0,240.53,761.95,-761.95,557073.12,Low,4777.64,1851.54,-161.71,14714.38,845.48,0.0,1064.72
2024-11-03,Sunday,November,2024,1,0.0,517.91,481.84,0.0,278.05,1277.8,-1277.8,555795.32,Low,4844.59,1875.54,-228.65,761.95,809.17,0.0,12234.87
2024-11-04,Monday,November,2024,0,0.0,1684.94,0.0,141.35,86.52,1912.81,-1912.81,553882.51,Medium,4445.22,1914.08,170.72,1277.8,4708.43,0.0,7967.78
2024-11-05,Tuesday,November,2024,0,0.0,308.65,0.0,248.76,54.23,611.64,-611.64,553270.87,Low,4148.95,1904.4,466.99,1912.81,2685.5,0.0,659.55
2024-11-06,Wednesday,November,2024,0,0.0,333.53,3306.37,146.26,175.72,3961.88,-3961.88,549308.99,High,4051.62,2017.01,564.31,611.64,4643.17,0.0,5947.32
2024-11-07,Thursday,November,2024,0,0.0,345.17,0.0,146.03,253.99,745.19,-745.19,548563.8,Low,3426.52,2014.6,1189.42,3961.88,5120.91,0.0,703.49
2024-11-08,Friday,November,2024,0,0.0,301.73,15671.04,252.82,120.37,16345.96,-16345.96,532217.84,High,3659.6,2538.23,-3659.6,745.19,14714.38,0.0,718.64
2024-11-09,Saturday,November,2024,1,2963.03,573.77,350.65,0.0,140.3,1064.72,1898.31,534116.15,Low,3702.86,2535.81,-3279.57,16345.96,761.95,0.3593,933.57
2024-11-10,Sunday,November,2024,1,4892.32,522.26,11168.94,344.82,198.85,12234.87,-7342.55,526773.6,High,5268.15,2922.44,-4145.96,1064.72,1277.8,2.5008,1160.95
2024-11-11,Monday,November,2024,0,0.0,483.95,0.0,232.47,7251.36,7967.78,-7967.78,518805.82,High,6133.15,3109.5,-5010.96,12234.87,1912.81,0.0,1030.18
2024-11-12,Tuesday,November,2024,0,0.0,422.48,0.0,146.44,90.63,659.55,-659.55,518146.27,Low,6139.99,3101.74,-5017.8,7967.78,611.64,0.0,806.48
2024-11-13,Wednesday,November,2024,0,0.0,360.79,0.0,221.46,5365.07,5947.32,-5947.32,512198.95,High,6423.63,3273.74,-5301.43,659.55,3961.88,0.0,1257.63
2024-11-14,Thursday,November,2024,0,0.0,362.47,0.0,180.35,160.67,703.49,-703.49,511495.46,Low,6417.67,3272.52,-5295.48,5947.32,745.19,0.0,518.65
2024-11-15,Friday,November,2024,0,32937.36,340.89,0.0,223.84,153.91,718.64,32218.72,543714.18,Low,4185.2,3265.4,1642.33,703.49,16345.96,0.0218,739.67
2024-11-16,Saturday,November,2024,1,0.0,547.51,0.0,246.37,139.69,933.57,-933.57,542780.61,Low,4166.46,3272.91,1237.78,718.64,1064.72,0.0,7937.65
2024-11-17,Sunday,November,2024,1,0.0,752.52,0.0,235.34,173.09,1160.95,-1160.95,541619.66,Low,2584.47,3287.27,2120.87,933.57,12234.87,0.0,2440.47
2024-11-18,Monday,November,2024,0,0.0,339.54,300.93,181.82,207.89,1030.18,-1030.18,540589.48,Low,1593.39,3299.02,3111.95,1160.95,7967.78,0.0,748.03
2024-11-19,Tuesday,November,2024,0,0.0,418.4,0.0,143.58,244.5,806.48,-806.48,539783.0,Low,1614.38,3297.4,3090.96,1030.18,659.55,0.0,1316.89
2024-11-20,Wednesday,November,2024,0,0.0,514.54,469.69,202.35,71.05,1257.63,-1257.63,538525.37,Low,944.42,3318.15,3760.92,806.48,5947.32,0.0,2107.18
2024-11-21,Thursday,November,2024,0,0.0,208.08,0.0,199.21,111.36,518.65,-518.65,538006.72,Low,918.01,3223.92,3787.32,1257.63,703.49,0.0,11101.17
2024-11-22,Friday,November,2024,0,0.0,309.63,0.0,133.04,297.0,739.67,-739.67,537267.05,Low,921.02,3222.3,-921.02,518.65,718.64,0.0,4006.43
2024-11-23,Saturday,November,2024,1,0.0,441.31,0.0,171.7,7324.64,7937.65,-7937.65,529329.4,High,1921.6,3461.31,-1921.6,739.67,933.57,0.0,5020.18
2024-11-24,Sunday,November,2024,1,0.0,2015.38,215.97,147.9,61.22,2440.47,-2440.47,526888.93,Medium,2104.39,3508.86,-2104.39,7937.65,1160.95,0.0,1066.27
2024-11-25,Monday,November,2024,0,0.0,297.18,0.0,164.06,286.79,748.03,-748.03,526140.9,Low,2064.08,3505.61,-2064.08,2440.47,1030.18,0.0,656.37
2024-11-26,Tuesday,November,2024,0,0.0,458.57,558.49,199.6,100.23,1316.89,-1316.89,524824.01,Low,2137.0,3522.54,-2137.0,748.03,806.48,0.0,772.18
2024-11-27,Wednesday,November,2024,0,0.0,413.49,1314.68,185.06,193.95,2107.18,-2107.18,522716.83,Medium,2258.36,3435.83,-2258.36,1316.89,1257.63,0.0,706.07
2024-11-28,Thursday,November,2024,0,9682.93,1273.37,0.0,208.91,9618.89,11101.17,-1418.24,521298.59,High,3770.15,3716.35,-2386.88,2107.18,518.65,1.1465,1188.64
2024-11-29,Friday,November,2024,0,0.0,385.24,0.0,181.39,3439.8,4006.43,-4006.43,517292.16,High,4236.83,3695.13,-2853.56,11101.17,739.67,0.0,866.23
2024-11-30,Saturday,November,2024,1,0.0,684.98,425.9,147.16,3762.14,5020.18,-5020.18,512271.98,High,3820.05,3691.77,-2436.77,4006.43,7937.65,0.0,578.15
2024-12-01,Sunday,December,2024,1,32815.1,553.67,0.0,326.04,186.56,1066.27,31748.83,544020.81,Low,3623.74,3236.83,2447.41,5020.18,2440.47,0.0325,458.04
2024-12-02,Monday,December,2024,0,0.0,415.89,0.0,165.19,75.29,656.37,-656.37,543364.44,Low,3610.64,3233.31,2460.51,1066.27,748.03,0.0,542.14
2024-12-03,Tuesday,December,2024,0,0.0,334.88,0.0,208.88,228.42,772.18,-772.18,542592.26,Low,3532.83,3216.46,2538.32,656.37,1316.89,0.0,690.93
2024-12-04,Wednesday,December,2024,0,0.0,394.92,0.0,220.93,90.22,706.07,-706.07,541886.19,Low,3332.67,3176.24,2738.48,772.18,2107.18,0.0,743.14
2024-12-05,Thursday,December,2024,0,0.0,378.98,381.08,141.01,287.57,1188.64,-1188.64,540697.55,Low,1916.59,3195.47,2771.28,706.07,11101.17,0.0,910.2
2024-12-06,Friday,December,2024,0,0.0,376.43,0.0,228.1,261.7,866.23,-866.23,539831.32,Low,1467.99,3092.28,3219.88,1188.64,4006.43,0.0,681.03
2024-12-07,Saturday,December,2024,1,0.0,501.44,0.0,0.0,76.71,578.15,-578.15,539253.17,Low,833.42,3086.71,3854.46,866.23,5020.18,0.0,1054.47
2024-12-08,Sunday,December,2024,1,0.0,327.25,0.0,0.0,130.79,458.04,-458.04,538795.13,Low,746.53,2557.11,-746.53,578.15,1066.27,0.0,589.9
2024-12-09,Monday,December,2024,0,0.0,329.34,0.0,98.24,114.56,542.14,-542.14,538252.99,Low,730.21,2539.7,-730.21,458.04,656.37,0.0,700.59
2024-12-10,Tuesday,December,2024,0,0.0,330.11,0.0,206.09,154.73,690.93,-690.93,537562.06,Low,718.6,2154.9,-718.6,542.14,772.18,0.0,755.58
2024-12-11,Wednesday,December,2024,0,0.0,288.0,0.0,192.0,263.14,743.14,-743.14,536818.92,Low,723.9,1914.08,-723.9,690.93,706.07,0.0,686.49
2024-12-12,Thursday,December,2024,0,0.0,463.56,206.99,145.02,94.63,910.2,-910.2,535908.72,Low,684.12,1922.43,-684.12,743.14,1188.64,0.0,737.11
2024-12-13,Friday,December,2024,0,0.0,373.94,0.0,189.65,117.44,681.03,-681.03,535227.69,Low,657.66,1746.89,-657.66,910.2,866.23,0.0,581.47
2024-12-14,Saturday,December,2024,1,0.0,477.2,0.0,399.84,177.43,1054.47,-1054.47,534173.22,Low,725.71,1758.59,-725.71,681.03,578.15,0.0,662.99
2024-12-15,Sunday,December,2024,1,32516.25,437.28,0.0,0.0,152.62,589.9,31926.35,566099.57,Low,744.54,1754.3,3900.63,1054.47,458.04,0.0181,950.78
2024-12-16,Monday,December,2024,0,0.0,284.1,0.0,147.51,268.98,700.59,-700.59,565398.98,Low,767.18,1746.53,3878.0,589.9,542.14,0.0,648.92
2024-12-17,Tuesday,December,2024,0,0.0,359.4,0.0,201.24,194.94,755.58,-755.58,564643.4,Low,776.42,1733.02,3868.76,700.59,690.93,0.0,5435.44
2024-12-18,Wednesday,December,2024,0,2503.26,387.65,0.0,214.83,84.01,686.49,1816.77,566460.17,Low,768.32,1721.56,4234.46,755.58,743.14,0.2742,594.18
2024-12-19,Thursday,December,2024,0,0.0,439.48,0.0,125.39,172.24,737.11,-737.11,565723.06,Low,743.6,1719.25,4259.19,686.49,910.2,0.0,702.75
2024-12-20,Friday,December,2024,0,0.0,331.96,0.0,185.88,63.63,581.47,-581.47,565141.59,Low,729.37,1696.71,4273.41,737.11,681.03,0.0,16077.09
2024-12-21,Saturday,December,2024,1,0.0,464.62,0.0,0.0,198.37,662.99,-662.99,564478.6,Low,673.45,1701.52,4329.34,581.47,1054.47,0.0,6066.37
2024-12-22,Sunday,December,2024,1,0.0,561.4,0.0,143.69,245.69,950.78,-950.78,563527.82,Low,725.0,1708.56,-367.39,662.99,589.9,0.0,7754.53
2024-12-23,Monday,December,2024,0,0.0,417.78,0.0,163.01,68.13,648.92,-648.92,562878.9,Low,717.62,1465.6,-360.01,950.78,700.59,0.0,5191.75
2024-12-24,Tuesday,December,2024,0,0.0,410.4,0.0,147.12,4877.92,5435.44,-5435.44,557443.46,High,1386.17,1565.43,-1028.56,648.92,755.58,0.0,5552.39
2024-12-25,Wednesday,December,2024,0,0.0,298.99,0.0,206.84,88.35,594.18,-594.18,556849.28,Low,1372.98,1560.31,-1372.98,5435.44,686.49,0.0,1013.1
2024-12-26,Thursday,December,2024,0,0.0,417.13,0.0,143.94,141.68,702.75,-702.75,556146.53,Low,1368.08,1539.83,-1368.08,594.18,737.11,0.0,902.05
2024-12-27,Friday,December,2024,0,0.0,417.1,15148.87,233.28,277.84,16077.09,-16077.09,540069.44,High,3581.74,2005.5,-3581.74,702.75,581.47,0.0,892.68
2024-12-28,Saturday,December,2024,1,0.0,347.5,439.9,3167.05,2111.92,6066.37,-6066.37,534003.07,High,4353.65,1837.67,-4353.65,16077.09,662.99,0.0,885.04
2024-12-29,Sunday,December,2024,1,0.0,561.69,0.0,316.03,6876.81,7754.53,-7754.53,526248.54,High,5325.61,1962.61,-5325.61,6066.37,950.78,0.0,980.29
2024-12-30,Monday,December,2024,0,0.0,469.64,0.0,161.61,4560.5,5191.75,-5191.75,521056.79,High,5974.59,1968.33,-5974.59,7754.53,648.92,0.0,679.29
2024-12-31,Tuesday,December,2024,0,0.0,446.27,0.0,219.31,4886.81,5552.39,-5552.39,515504.4,High,5991.29,2117.86,-5991.29,5191.75,5435.44,0.0,922.61
2025-01-01,Wednesday,January,2025,0,33871.94,530.58,0.0,221.6,260.92,1013.1,32858.84,548363.24,Low,6051.14,2129.76,-1212.29,5552.39,594.18,0.0299,2378.07
2025-01-02,Thursday,January,2025,0,0.0,515.24,0.0,194.61,192.2,902.05,-902.05,547461.19,Low,6079.61,2134.08,-1240.76,1013.1,702.75,0.0,652.31
2025-01-03,Friday,January,2025,0,0.0,404.63,0.0,200.12,287.93,892.68,-892.68,546568.51,Low,3910.41,2140.3,928.44,902.05,16077.09,0.0,910.56
2025-01-04,Saturday,January,2025,1,0.0,520.27,0.0,193.45,171.32,885.04,-885.04,545683.47,Low,3170.22,2130.18,1668.63,892.68,6066.37,0.0,4984.73
2025-01-05,Sunday,January,2025,1,0.0,629.65,0.0,210.2,140.44,980.29,-980.29,544703.18,Low,2202.47,2133.99,2636.38,885.04,7754.53,0.0,619.74
2025-01-06,Monday,January,2025,0,0.0,343.4,0.0,141.59,194.3,679.29,-679.29,544023.89,Low,1557.83,2137.36,3281.01,980.29,5191.75,0.0,855.96
2025-01-07,Tuesday,January,2025,0,6944.82,619.22,0.0,205.06,98.33,922.61,6022.21,550046.1,Low,896.44,2152.84,4934.53,679.29,5552.39,0.1328,2037.22
2025-01-08,Wednesday,January,2025,0,0.0,2022.85,0.0,178.04,177.18,2378.07,-2378.07,547668.03,Medium,1091.43,2214.04,-99.32,922.61,1013.1,0.0,986.39
2025-01-09,Thursday,January,2025,0,0.0,378.58,0.0,161.86,111.87,652.31,-652.31,547015.72,Low,1055.76,2212.75,-63.64,2378.07,902.05,0.0,950.98
2025-01-10,Friday,January,2025,0,0.0,386.45,0.0,229.11,295.0,910.56,-910.56,546105.16,Low,1058.31,2218.33,-66.19,652.31,892.68,0.0,5024.37
2025-01-11,Saturday,January,2025,1,0.0,2035.03,585.79,2145.51,218.4,4984.73,-4984.73,541120.43,High,1643.98,2354.15,-651.86,910.56,885.04,0.0,2567.88
2025-01-12,Sunday,January,2025,1,0.0,528.67,0.0,0.0,91.07,619.74,-619.74,540500.69,Low,1592.47,2352.11,-600.36,4984.73,980.29,0.0,749.8
2025-01-13,Monday,January,2025,0,0.0,321.73,244.21,230.17,59.85,855.96,-855.96,539644.73,Low,1617.71,2345.49,-625.59,619.74,679.29,0.0,1167.83
2025-01-14,Tuesday,January,2025,0,0.0,1554.32,0.0,275.77,207.13,2037.22,-2037.22,537607.51,Medium,1776.94,2393.74,-1776.94,855.96,922.61,0.0,879.94
2025-01-15,Wednesday,January,2025,0,34292.96,475.61,0.0,213.12,297.66,986.39,33306.57,570914.08,Low,1578.13,2403.26,3320.86,2037.22,2378.07,0.0288,762.39
2025-01-16,Thursday,January,2025,0,0.0,483.2,0.0,197.17,270.61,950.98,-950.98,569963.1,Low,1620.8,2409.78,3278.2,986.39,652.31,0.0,709.32
2025-01-17,Friday,January,2025,0,0.0,466.44,298.08,185.18,4074.67,5024.37,-5024.37,564938.73,High,2208.48,2554.37,2690.51,950.98,910.56,0.0,782.98
2025-01-18,Saturday,January,2025,1,0.0,363.52,0.0,1963.88,240.48,2567.88,-2567.88,562370.85,Medium,1863.22,2615.4,3035.77,5024.37,4984.73,0.0,3521.73
2025-01-19,Sunday,January,2025,1,0.0,485.66,0.0,147.07,117.07,749.8,-749.8,561621.05,Low,1881.8,2621.01,3017.19,2567.88,619.74,0.0,965.07
2025-01-20,Monday,January,2025,0,0.0,404.43,381.84,193.38,188.18,1167.83,-1167.83,560453.22,Low,1926.35,2637.84,2972.64,749.8,855.96,0.0,593.62
2025-01-21,Tuesday,January,2025,0,0.0,511.68,0.0,183.46,184.8,879.94,-879.94,559573.28,Low,1761.03,2635.48,3137.97,1167.83,2037.22,0.0,2380.39
2025-01-22,Wednesday,January,2025,0,0.0,378.56,0.0,107.17,276.66,762.39,-762.39,558810.89,Low,1729.03,2639.26,-1729.03,879.94,986.39,0.0,5231.92
2025-01-23,Thursday,January,2025,0,0.0,358.85,0.0,128.95,221.52,709.32,-709.32,558101.57,Low,1694.5,2481.72,-1694.5,762.39,950.98,0.0,3449.73
2025-01-24,Friday,January,2025,0,0.0,350.14,0.0,149.33,283.51,782.98,-782.98,557318.59,Low,1088.59,2488.01,-1088.59,709.32,5024.37,0.0,9359.34
2025-01-25,Saturday,January,2025,1,0.0,557.56,0.0,2784.89,179.28,3521.73,-3521.73,553796.86,High,1224.86,2581.98,-1224.86,782.98,2567.88,0.0,3751.23
2025-01-26,Sunday,January,2025,1,0.0,574.43,0.0,103.01,287.63,965.07,-965.07,552831.79,Low,1255.61,2078.25,-1255.61,3521.73,749.8,0.0,762.34
2025-01-27,Monday,January,2025,0,0.0,338.59,0.0,150.61,104.42,593.62,-593.62,552238.17,Low,1173.58,1895.82,-1173.58,965.07,1167.83,0.0,871.51
2025-01-28,Tuesday,January,2025,0,0.0,292.3,0.0,207.57,1880.52,2380.39,-2380.39,549857.78,Medium,1387.93,1716.68,-1387.93,593.62,879.94,0.0,783.24
2025-01-29,Wednesday,January,2025,0,2678.13,360.4,0.0,166.52,4705.0,5231.92,-2553.79,547303.99,Medium,2026.43,1718.02,-1643.84,2380.39,762.39,1.9536,1923.14
2025-01-30,Thursday,January,2025,0,0.0,417.89,477.22,152.31,2402.31,3449.73,-3449.73,543854.26,Medium,2417.92,1647.93,-2035.33,5231.92,709.32,0.0,3555.5
2025-01-31,Friday,January,2025,0,0.0,2164.41,0.0,187.67,7007.26,9359.34,-9359.34,534494.92,High,3643.11,1926.14,-3260.52,3449.73,782.98,0.0,705.61
2025-02-01,Saturday,February,2025,1,35950.83,621.66,0.0,3012.42,117.15,3751.23,32199.6,566694.52,Medium,3675.9,2021.11,1842.52,9359.34,3521.73,0.1043,951.25
2025-02-02,Sunday,February,2025,1,0.0,581.88,0.0,0.0,180.46,762.34,-762.34,565932.18,Low,3646.94,2016.77,1871.48,3751.23,965.07,0.0,1028.87
2025-02-03,Monday,February,2025,0,8088.05,346.55,0.0,236.17,288.79,871.51,7216.54,573148.72,Low,3686.64,2016.32,2987.22,762.34,593.62,0.1078,1588.62
2025-02-04,Tuesday,February,2025,0,0.0,429.93,0.0,129.06,224.25,783.24,-783.24,572365.48,Low,3458.47,2009.75,3215.39,871.51,2380.39,0.0,746.64
2025-02-05,Wednesday,February,2025,0,0.0,1411.19,185.05,100.2,226.7,1923.14,-1923.14,570442.34,Medium,2985.79,2051.21,3305.48,783.24,5231.92,0.0,821.57
2025-02-06,Thursday,February,2025,0,0.0,481.05,2901.0,101.8,71.65,3555.5,-3555.5,566886.84,High,3000.9,2138.97,3290.37,1923.14,3449.73,0.0,1244.41
2025-02-07,Friday,February,2025,0,0.0,363.77,0.0,178.35,163.49,705.61,-705.61,566181.23,Low,1764.65,2083.23,4526.62,3555.5,9359.34,0.0,797.27
2025-02-08,Saturday,February,2025,1,0.0,592.28,0.0,175.6,183.37,951.25,-951.25,565229.98,Low,1364.66,2093.19,-209.22,705.61,3751.23,0.0,1174.16
2025-02-09,Sunday,February,2025,1,0.0,609.71,0.0,135.02,284.14,1028.87,-1028.87,564201.11,Low,1402.73,2097.13,-247.3,951.25,762.34,0.0,1065.88
2025-02-10,Monday,February,2025,0,0.0,1276.27,0.0,212.43,99.92,1588.62,-1588.62,562612.49,Medium,1505.18,1983.93,-1505.18,1028.87,871.51,0.0,509.08
2025-02-11,Tuesday,February,2025,0,0.0,368.04,0.0,193.39,185.21,746.64,-746.64,561865.85,Low,1499.95,1988.16,-1499.95,1588.62,783.24,0.0,905.1
2025-02-12,Wednesday,February,2025,0,0.0,450.25,0.0,218.32,153.0,821.57,-821.57,561044.28,Low,1342.58,1987.01,-1342.58,746.64,1923.14,0.0,861.92
2025-02-13,Thursday,February,2025,0,0.0,563.07,414.32,195.67,71.35,1244.41,-1244.41,559799.87,Low,1012.42,1960.59,-1012.42,821.57,3555.5,0.0,722.92
2025-02-14,Friday,February,2025,0,0.0,406.37,0.0,238.25,152.65,797.27,-797.27,559002.6,Low,1025.52,1954.28,-1025.52,1244.41,705.61,0.0,715.55
2025-02-15,Saturday,February,2025,1,35239.87,613.58,294.28,153.5,112.8,1174.16,34065.71,593068.31,Low,1057.36,1961.72,3976.9,797.27,951.25,0.0333,790.72
2025-02-16,Sunday,February,2025,1,0.0,608.94,0.0,323.94,133.0,1065.88,-1065.88,592002.43,Low,1062.65,1829.77,3971.62,1174.16,1028.87,0.0,764.91
2025-02-17,Monday,February,2025,0,0.0,287.47,0.0,155.8,65.81,509.08,-509.08,591493.35,Low,908.43,1761.15,4125.84,1065.88,1588.62,0.0,928.09
2025-02-18,Tuesday,February,2025,0,0.0,459.61,0.0,231.63,213.86,905.1,-905.1,590588.25,Low,931.07,1766.32,4103.2,509.08,746.64,0.0,4217.78
2025-02-19,Wednesday,February,2025,0,0.0,589.35,0.0,204.39,68.18,861.92,-861.92,589726.33,Low,936.83,1756.13,4097.44,905.1,821.57,0.0,717.02
2025-02-20,Thursday,February,2025,0,0.0,262.7,0.0,244.75,215.47,722.92,-722.92,589003.41,Low,862.33,1750.89,4171.93,861.92,1244.41,0.0,11050.69
2025-02-21,Friday,February,2025,0,0.0,437.34,0.0,152.52,125.69,715.55,-715.55,588287.86,Low,850.66,1749.33,4183.61,722.92,797.27,0.0,3024.29
2025-02-22,Saturday,February,2025,1,0.0,682.7,0.0,0.0,108.02,790.72,-790.72,587497.14,Low,795.88,1752.04,-795.88,715.55,1174.16,0.0,1188.77
2025-02-23,Sunday,February,2025,1,0.0,526.81,0.0,169.22,68.88,764.91,-764.91,586732.23,Low,752.89,1751.44,-752.89,790.72,1065.88,0.0,856.26
2025-02-24,Monday,February,2025,0,0.0,483.97,0.0,153.73,290.39,928.09,-928.09,585804.14,Low,812.74,1664.99,-812.74,764.91,509.08,0.0,1067.19
2025-02-25,Tuesday,February,2025,0,0.0,390.02,305.07,188.93,3333.76,4217.78,-4217.78,581586.36,High,1285.98,1773.41,-1285.98,928.09,905.1,0.0,610.19
2025-02-26,Wednesday,February,2025,0,0.0,324.37,0.0,223.37,169.28,717.02,-717.02,580869.34,Low,1265.28,1777.52,-1265.28,4217.78,861.92,0.0,804.92
2025-02-27,Thursday,February,2025,0,0.0,422.96,10302.63,199.02,126.08,11050.69,-11050.69,569818.65,High,2740.68,2066.53,-2740.68,717.02,722.92,0.0,921.24
2025-02-28,Friday,February,2025,0,5596.67,285.99,0.0,149.13,2589.17,3024.29,2572.38,572391.03,Medium,3070.5,1992.95,-2270.98,11050.69,715.55,0.5404,2626.16
2025-03-01,Saturday,March,2025,1,34593.63,518.32,436.25,0.0,234.2,1188.77,33404.86,605795.89,Low,3127.36,1917.58,2614.11,3024.29,790.72,0.0344,3850.69
2025-03-02,Sunday,March,2025,1,0.0,623.95,0.0,0.0,232.31,856.26,-856.26,604939.63,Low,3140.41,1634.14,2601.06,1188.77,764.91,0.0,4291.56
2025-03-03,Monday,March,2025,0,0.0,436.79,286.58,194.2,149.62,1067.19,-1067.19,603872.44,Low,3160.29,1544.68,2581.19,856.26,928.09,0.0,978.48
2025-03-04,Tuesday,March,2025,0,0.0,364.26,0.0,168.29,77.64,610.19,-610.19,603262.25,Low,2644.92,1539.6,3096.56,1067.19,4217.78,0.0,589.6
2025-03-05,Wednesday,March,2025,0,0.0,503.64,0.0,167.85,133.43,804.92,-804.92,602457.33,Low,2657.47,1537.39,3084.0,610.19,717.02,0.0,655.01
2025-03-06,Thursday,March,2025,0,0.0,400.44,0.0,237.67,283.13,921.24,-921.24,601536.09,Low,1210.41,1541.99,4531.06,804.92,11050.69,0.0,792.88
2025-03-07,Friday,March,2025,0,0.0,588.24,1695.12,90.02,252.78,2626.16,-2626.16,598909.93,Medium,1153.53,1565.42,3788.41,921.24,3024.29,0.0,703.8
2025-03-08,Saturday,March,2025,1,0.0,465.26,0.0,3296.3,89.13,3850.69,-3850.69,595059.24,High,1533.81,1575.26,-1533.81,2626.16,1188.77,0.0,966.1
2025-03-09,Sunday,March,2025,1,0.0,710.28,3303.92,0.0,277.36,4291.56,-4291.56,590767.68,High,2024.56,1694.79,-2024.56,3850.69,856.26,0.0,6423.99
2025-03-10,Monday,March,2025,0,0.0,560.6,0.0,135.01,282.87,978.48,-978.48,589789.2,Low,2011.89,1695.7,-2011.89,4291.56,1067.19,0.0,774.34
2025-03-11,Tuesday,March,2025,0,0.0,309.49,0.0,212.13,67.98,589.6,-589.6,589199.6,Low,2008.95,1681.06,-2008.95,978.48,610.19,0.0,724.22
2025-03-12,Wednesday,March,2025,0,0.0,412.6,0.0,147.5,94.91,655.01,-655.01,588544.59,Low,1987.53,1649.94,-1987.53,589.6,804.92,0.0,5058.63
2025-03-13,Thursday,March,2025,0,0.0,348.65,0.0,180.25,263.98,792.88,-792.88,587751.71,Low,1969.2,1651.48,-1969.2,655.01,921.24,0.0,621.41
2025-03-14,Friday,March,2025,0,0.0,449.31,0.0,153.02,101.47,703.8,-703.8,587047.91,Low,1694.57,1647.55,-1694.57,792.88,2626.16,0.0,695.84
2025-03-15,Saturday,March,2025,1,35538.97,546.09,0.0,144.82,275.19,966.1,34572.87,621620.78,Low,1282.49,1638.27,3794.51,703.8,3850.69,0.0272,808.26
2025-03-16,Sunday,March,2025,1,0.0,642.19,0.0,0.0,5781.8,6423.99,-6423.99,615196.79,High,1587.12,1825.83,3489.87,966.1,4291.56,0.0,2638.18
2025-03-17,Monday,March,2025,0,0.0,406.83,0.0,196.74,170.77,774.34,-774.34,614422.45,Low,1557.96,1812.5,3519.04,6423.99,978.48,0.0,730.1
2025-03-18,Tuesday,March,2025,0,0.0,433.4,0.0,145.98,144.84,724.22,-724.22,613698.23,Low,1577.19,1801.12,3499.8,774.34,589.6,0.0,689.62
2025-03-19,Wednesday,March,2025,0,0.0,370.38,171.81,192.8,4323.64,5058.63,-5058.63,608639.6,High,2206.28,1952.77,2870.72,724.22,655.01,0.0,1383.59
2025-03-20,Thursday,March,2025,0,0.0,309.78,0.0,154.85,156.78,621.41,-621.41,608018.19,Low,2181.78,1943.31,2895.21,5058.63,792.88,0.0,865.62
2025-03-21,Friday,March,2025,0,0.0,388.82,0.0,179.51,127.51,695.84,-695.84,607322.35,Low,2180.65,1937.78,2896.35,621.41,703.8,0.0,5067.56
2025-03-22,Saturday,March,2025,1,0.0,701.09,0.0,0.0,107.17,808.26,-808.26,606514.09,Low,2158.1,1940.62,-2158.1,695.84,966.1,0.0,4994.87
2025-03-23,Sunday,March,2025,1,8021.82,2086.95,0.0,262.23,289.0,2638.18,5383.64,611897.73,Low,1617.27,2004.71,-471.29,808.26,6423.99,0.3289,5976.5
2025-03-24,Monday,March,2025,0,0.0,317.92,0.0,151.54,260.64,730.1,-730.1,611167.63,Low,1610.95,2002.69,-464.97,2638.18,774.34,0.0,4509.55
2025-03-25,Tuesday,March,2025,0,0.0,381.33,0.0,154.95,153.34,689.62,-689.62,610478.01,Low,1606.01,2000.18,-460.03,730.1,724.22,0.0,742.35
2025-03-26,Wednesday,March,2025,0,0.0,418.38,497.06,209.41,258.74,1383.59,-1383.59,609094.42,Low,1081.0,2015.36,64.97,689.62,5058.63,0.0,890.09
2025-03-27,Thursday,March,2025,0,0.0,412.57,0.0,170.92,282.13,865.62,-865.62,608228.8,Low,1115.89,1903.62,30.09,1383.59,621.41,0.0,1200.94
2025-03-28,Friday,March,2025,0,0.0,398.32,0.0,163.19,4506.05,5067.56,-5067.56,603161.24,High,1740.42,2048.64,-594.44,865.62,695.84,0.0,3221.82
2025-03-29,Saturday,March,2025,1,0.0,561.58,0.0,0.0,4433.29,4994.87,-4994.87,598166.37,High,2338.51,1846.78,-1192.53,5067.56,808.26,0.0,871.29
2025-03-30,Sunday,March,2025,1,0.0,656.81,0.0,206.92,5112.77,5976.5,-5976.5,592189.87,High,2815.41,1945.19,-2815.41,4994.87,2638.18,0.0,985.02
2025-03-31,Monday,March,2025,0,0.0,409.15,0.0,178.86,3921.54,4509.55,-4509.55,587680.32,High,3355.33,2055.88,-3355.33,5976.5,730.1,0.0,2444.3
2025-04-01,Tuesday,April,2025,0,35086.94,314.76,0.0,265.43,162.16,742.35,34344.59,622024.91,Low,3362.86,2052.08,1649.56,4509.55,689.62,0.0212,822.14
2025-04-02,Wednesday,April,2025,0,0.0,373.81,0.0,233.12,283.16,890.09,-890.09,621134.82,Low,3292.36,2046.18,1720.06,742.35,1383.59,0.0,625.88
2025-04-03,Thursday,April,2025,0,0.0,482.06,367.71,178.56,172.61,1200.94,-1200.94,619933.88,Low,3340.27,2065.87,1672.15,890.09,865.62,0.0,805.65
2025-04-04,Friday,April,2025,0,0.0,436.11,2396.53,169.91,219.27,3221.82,-3221.82,616712.06,Medium,3076.59,2146.43,1935.83,1200.94,5067.56,0.0,973.15
2025-04-05,Saturday,April,2025,1,0.0,510.62,0.0,154.88,205.79,871.29,-871.29,615840.77,Low,2487.51,2144.77,2524.91,3221.82,4994.87,0.0,1079.13
2025-04-06,Sunday,April,2025,1,0.0,559.9,0.0,291.22,133.9,985.02,-985.02,614855.75,Low,1774.44,2090.06,3237.98,871.29,5976.5,0.0,2378.72
2025-04-07,Monday,April,2025,0,0.0,2146.19,0.0,170.65,127.46,2444.3,-2444.3,612411.45,Medium,1479.4,2043.18,3533.02,985.02,4509.55,0.0,771.54
2025-04-08,Tuesday,April,2025,0,0.0,423.95,0.0,200.07,198.12,822.14,-822.14,611589.31,Low,1490.8,1927.54,-1490.8,2444.3,742.35,0.0,772.89
2025-04-09,Wednesday,April,2025,0,3893.07,307.21,0.0,207.48,111.19,625.88,3267.19,614856.5,Low,1453.06,1915.78,-896.9,822.14,890.09,0.1608,8054.57
2025-04-10,Thursday,April,2025,0,0.0,437.55,0.0,188.82,179.28,805.65,-805.65,614050.85,Low,1396.59,1922.98,-840.43,625.88,1200.94,0.0,838.93
2025-04-11,Friday,April,2025,0,0.0,421.1,205.12,163.42,183.51,973.15,-973.15,613077.7,Low,1075.35,1933.59,-519.19,805.65,3221.82,0.0,15709.53
2025-04-12,Saturday,April,2025,1,0.0,477.76,0.0,383.54,217.83,1079.13,-1079.13,611998.57,Low,1105.04,1943.13,-548.89,973.15,871.29,0.0,586.91
2025-04-13,Sunday,April,2025,1,0.0,548.05,431.82,1315.71,83.14,2378.72,-2378.72,609619.85,Medium,1304.14,1998.96,-747.99,1079.13,985.02,0.0,1218.08
2025-04-14,Monday,April,2025,0,0.0,418.84,0.0,191.94,160.76,771.54,-771.54,608848.31,Low,1065.17,1992.48,-509.02,2378.72,2444.3,0.0,469.18
2025-04-15,Tuesday,April,2025,0,34720.19,424.45,0.0,182.99,165.45,772.89,33947.3,642795.61,Low,1058.14,1804.11,4458.04,771.54,822.14,0.0223,626.18
2025-04-16,Wednesday,April,2025,0,0.0,500.52,0.0,237.91,7316.14,8054.57,-8054.57,634741.04,High,2119.38,2046.78,2840.65,772.89,625.88,0.0,1284.3
2025-04-17,Thursday,April,2025,0,0.0,473.93,0.0,220.41,144.59,838.93,-838.93,633902.11,Low,2124.13,2050.6,2835.89,8054.57,805.65,0.0,2770.31
2025-04-18,Friday,April,2025,0,0.0,405.14,15015.69,180.29,108.41,15709.53,-15709.53,618192.58,High,4229.33,2405.63,730.7,838.93,973.15,0.0,746.5
2025-04-19,Saturday,April,2025,1,0.0,411.43,0.0,0.0,175.48,586.91,-586.91,617605.67,Low,4159.01,2404.48,801.01,15709.53,1079.13,0.0,1082.62
2025-04-20,Sunday,April,2025,1,0.0,672.44,0.0,262.53,283.11,1218.08,-1218.08,616387.59,Low,3993.21,2421.89,966.82,586.91,2378.72,0.0,869.96
2025-04-21,Monday,April,2025,0,0.0,160.58,0.0,156.94,151.66,469.18,-469.18,615918.41,Low,3950.01,2410.59,1010.01,1218.08,771.54,0.0,3465.7
2025-04-22,Tuesday,April,2025,0,0.0,356.59,0.0,182.73,86.86,626.18,-626.18,615292.23,Low,3929.05,2343.52,-3929.05,469.18,772.89,0.0,2500.44
2025-04-23,Wednesday,April,2025,0,0.0,286.02,560.51,164.0,273.77,1284.3,-1284.3,614007.93,Low,2961.87,2362.0,-2961.87,626.18,8054.57,0.0,3954.64
2025-04-24,Thursday,April,2025,0,0.0,356.09,2173.72,178.98,61.52,2770.31,-2770.31,611237.62,Medium,3237.78,2431.35,-3237.78,1284.3,838.93,0.0,659.64
2025-04-25,Friday,April,2025,0,0.0,393.04,0.0,194.95,158.51,746.5,-746.5,610491.12,Low,1100.21,2410.12,-1100.21,2770.31,15709.53,0.0,578.62
2025-04-26,Saturday,April,2025,1,0.0,631.58,0.0,185.35,265.69,1082.62,-1082.62,609408.5,Low,1171.02,2417.35,-1171.02,746.5,586.91,0.0,642.77
2025-04-27,Sunday,April,2025,1,0.0,593.69,0.0,115.15,161.12,869.96,-869.96,608538.54,Low,1121.29,2277.43,-1121.29,1082.62,1218.08,0.0,2772.88
2025-04-28,Monday,April,2025,0,0.0,389.92,0.0,162.08,2913.7,3465.7,-3465.7,605072.84,Medium,1549.37,2226.46,-1549.37,869.96,469.18,0.0,707.43
2025-04-29,Tuesday,April,2025,0,0.0,323.22,0.0,220.91,1956.31,2500.44,-2500.44,602572.4,Medium,1817.12,2110.59,-1817.12,3465.7,626.18,0.0,563.43
2025-04-30,Wednesday,April,2025,0,0.0,394.91,0.0,193.53,3366.2,3954.64,-3954.64,598617.76,High,2198.6,2092.09,-2198.6,2500.44,1284.3,0.0,780.37
2025-05-01,Thursday,May,2025,0,34197.94,381.37,0.0,188.09,90.18,659.64,33538.3,632156.06,Low,1897.07,2089.34,2988.35,3954.64,2770.31,0.0193,767.86
2025-05-02,Friday,May,2025,0,0.0,249.41,0.0,171.63,157.58,578.62,-578.62,631577.44,Low,1873.09,2078.95,3012.33,659.64,746.5,0.0,2520.15
2025-05-03,Saturday,May,2025,1,0.0,502.12,0.0,0.0,140.65,642.77,-642.77,630934.67,Low,1810.25,2060.35,3075.17,578.62,1082.62,0.0,937.57
2025-05-04,Sunday,May,2025,1,0.0,2217.62,0.0,384.67,170.59,2772.88,-2772.88,628161.79,Medium,2082.1,2045.38,2803.32,642.77,869.96,0.0,851.03
2025-05-05,Monday,May,2025,0,3550.31,457.06,0.0,146.56,103.81,707.43,2842.88,631004.67,Low,1688.06,2039.92,3704.55,2772.88,3465.7,0.1993,712.02
2025-05-06,Tuesday,May,2025,0,0.0,255.36,0.0,190.94,117.13,563.43,-563.43,630441.24,Low,1411.34,2025.87,3981.26,707.43,2500.44,0.0,2572.51
2025-05-07,Wednesday,May,2025,0,0.0,398.58,0.0,203.65,178.14,780.37,-780.37,629660.87,Low,957.88,1970.4,4434.73,563.43,3954.64,0.0,859.48
2025-05-08,Thursday,May,2025,0,0.0,537.78,0.0,169.53,60.55,767.86,-767.86,628893.01,Low,973.34,1968.59,-466.15,780.37,659.64,0.0,2211.62
2025-05-09,Friday,May,2025,0,0.0,443.94,1653.34,154.03,268.84,2520.15,-2520.15,626372.86,Medium,1250.7,2031.74,-743.51,767.86,578.62,0.0,753.44
2025-05-10,Saturday,May,2025,1,0.0,662.34,0.0,0.0,275.23,937.57,-937.57,625435.29,Low,1292.81,2036.13,-785.63,2520.15,642.77,0.0,572.86
2025-05-11,Sunday,May,2025,1,0.0,564.04,0.0,136.29,150.7,851.03,-851.03,624584.26,Low,1018.26,2032.06,-511.08,937.57,2772.88,0.0,1594.4
2025-05-12,Monday,May,2025,0,0.0,320.77,0.0,169.39,221.86,712.02,-712.02,623872.24,Low,1018.92,2019.83,-1018.92,851.03,707.43,0.0,828.06
2025-05-13,Tuesday,May,2025,0,0.0,2310.81,0.0,142.15,119.55,2572.51,-2572.51,621299.73,Medium,1305.93,2026.29,-1305.93,712.02,563.43,0.0,694.99
2025-05-14,Wednesday,May,2025,0,0.0,430.19,0.0,206.64,222.65,859.48,-859.48,620440.25,Low,1317.23,2029.22,-1317.23,2572.51,780.37,0.0,744.32
2025-05-15,Thursday,May,2025,0,33617.49,324.06,1604.15,121.74,161.67,2211.62,31405.87,651846.12,Low,1523.48,2077.17,3279.02,859.48,767.86,0.0658,757.68
2025-05-16,Friday,May,2025,0,0.0,538.82,0.0,143.14,71.48,753.44,-753.44,651092.68,Low,1271.1,1833.8,3531.4,2211.62,2520.15,0.0,556.22
2025-05-17,Saturday,May,2025,1,0.0,497.71,0.0,0.0,75.15,572.86,-572.86,650519.82,Low,1218.99,1824.93,3583.5,753.44,937.57,0.0,873.08
2025-05-18,Sunday,May,2025,1,0.0,434.1,0.0,1057.62,102.68,1594.4,-1594.4,648925.42,Medium,1325.19,1354.43,3477.31,572.86,851.03,0.0,1045.14
2025-05-19,Monday,May,2025,0,0.0,475.47,0.0,125.6,226.99,828.06,-828.06,648097.36,Low,1341.77,1362.47,3460.73,1594.4,712.02,0.0,752.46
2025-05-20,Tuesday,May,2025,0,0.0,494.17,0.0,83.85,116.97,694.99,-694.99,647402.37,Low,1073.55,1345.03,3728.95,828.06,2572.51,0.0,921.97
2025-05-21,Wednesday,May,2025,0,0.0,505.69,0.0,124.36,114.27,744.32,-744.32,646658.05,Low,1057.1,1354.2,3745.4,694.99,859.48,0.0,9653.18
2025-05-22,Thursday,May,2025,0,0.0,374.48,0.0,124.04,259.16,757.68,-757.68,645900.37,Low,849.39,1358.59,-849.39,744.32,2211.62,0.0,4309.52
2025-05-23,Friday,May,2025,0,0.0,301.84,0.0,80.09,174.29,556.22,-556.22,645344.15,Low,821.22,1334.32,-821.22,757.68,753.44,0.0,4692.3
2025-05-24,Saturday,May,2025,1,8972.41,580.7,0.0,141.47,150.91,873.08,8099.33,653443.48,Low,864.11,1271.08,417.67,556.22,572.86,0.0973,9510.93
2025-05-25,Sunday,May,2025,1,0.0,560.67,0.0,219.19,265.28,1045.14,-1045.14,652398.34,Low,785.64,1281.03,496.13,873.08,1594.4,0.0,962.26
2025-05-26,Monday,May,2025,0,8802.54,441.1,0.0,230.09,81.27,752.46,8050.08,660448.42,Low,774.84,1270.03,1764.44,1045.14,828.06,0.0855,767.37
2025-05-27,Tuesday,May,2025,0,0.0,419.53,0.0,219.83,282.61,921.97,-921.97,659526.45,Low,807.27,1271.76,1732.01,752.46,694.99,0.0,3397.97
2025-05-28,Wednesday,May,2025,0,0.0,1230.64,0.0,157.33,8265.21,9653.18,-9653.18,649873.27,High,2079.96,1478.01,459.32,921.97,744.32,0.0,3058.9
2025-05-29,Thursday,May,2025,0,0.0,467.44,0.0,229.08,3613.0,4309.52,-4309.52,645563.75,High,2587.37,1538.31,-48.09,9653.18,757.68,0.0,669.14
2025-05-30,Friday,May,2025,0,0.0,297.62,0.0,180.04,4214.64,4692.3,-4692.3,640871.45,High,3178.24,1562.9,-638.96,4309.52,556.22,0.0,8413.37
2025-05-31,Saturday,May,2025,1,0.0,405.21,0.0,157.56,8948.16,9510.93,-9510.93,631360.52,High,4412.21,1857.94,-3154.71,4692.3,873.08,0.0,1186.08
2025-06-01,Sunday,June,2025,1,35554.45,501.27,0.0,298.59,162.4,962.26,34592.19,665952.71,Low,4400.37,1870.73,1936.34,9510.93,1045.14,0.0271,1164.97
2025-06-02,Monday,June,2025,0,0.0,503.98,0.0,185.04,78.35,767.37,-767.37,665185.34,Low,4402.5,1874.88,676.7,962.26,752.46,0.0,824.34
2025-06-03,Tuesday,June,2025,0,0.0,400.63,0.0,164.87,2832.47,3397.97,-3397.97,661787.37,Medium,4756.22,1895.72,322.99,767.37,921.97,0.0,847.01
2025-06-04,Wednesday,June,2025,0,0.0,439.95,0.0,189.33,2429.62,3058.9,-3058.9,658728.47,Medium,3814.18,1974.1,1265.03,3397.97,9653.18,0.0,5059.9
2025-06-05,Thursday,June,2025,0,0.0,350.11,0.0,250.49,68.54,669.14,-669.14,658059.33,Low,3294.12,1977.63,1785.08,3058.9,4309.52,0.0,635.54
2025-06-06,Friday,June,2025,0,0.0,445.88,7722.29,192.26,52.94,8413.37,-8413.37,649645.96,High,3825.71,2232.06,1253.5,669.14,4692.3,0.0,797.45
2025-06-07,Saturday,June,2025,1,0.0,456.81,294.08,301.08,134.11,1186.08,-1186.08,648459.88,Low,2636.44,2246.0,2442.77,8413.37,9510.93,0.0,927.86
2025-06-08,Sunday,June,2025,1,0.0,600.14,328.73,0.0,236.1,1164.97,-1164.97,647294.91,Low,2665.4,2200.83,-2665.4,1186.08,962.26,0.0,3266.58
2025-06-09,Monday,June,2025,0,0.0,422.21,0.0,223.77,178.36,824.34,-824.34,646470.57,Low,2673.54,2197.05,-2673.54,1164.97,767.37,0.0,2292.28
2025-06-10,Tuesday,June,2025,0,0.0,471.58,0.0,174.62,200.81,847.01,-847.01,645623.56,Low,2309.12,2196.92,-2309.12,824.34,3397.97,0.0,733.25
2025-06-11,Wednesday,June,2025,0,0.0,386.0,0.0,184.66,4489.24,5059.9,-5059.9,640563.66,High,2594.97,2341.85,-2594.97,847.01,3058.9,0.0,1212.87
2025-06-12,Thursday,June,2025,0,0.0,293.89,0.0,163.01,178.64,635.54,-635.54,639928.12,Low,2590.17,2277.28,-2590.17,5059.9,669.14,0.0,574.28
2025-06-13,Friday,June,2025,0,0.0,358.24,0.0,186.13,253.08,797.45,-797.45,639130.67,Low,1502.18,2275.22,-1502.18,635.54,8413.37,0.0,853.25
2025-06-14,Saturday,June,2025,1,0.0,641.26,0.0,111.51,175.09,927.86,-927.86,638202.81,Low,1465.3,2232.42,-1465.3,797.45,1186.08,0.0,3267.17
2025-06-15,Sunday,June,2025,1,35966.78,681.24,0.0,2403.39,181.95,3266.58,32700.2,670903.01,Medium,1765.53,2316.19,3372.59,927.86,1164.97,0.0908,831.8
2025-06-16,Monday,June,2025,0,0.0,479.63,1369.2,272.84,170.61,2292.28,-2292.28,668610.73,Medium,1975.23,2373.51,3162.88,3266.58,824.34,0.0,677.86
2025-06-17,Tuesday,June,2025,0,0.0,450.47,0.0,214.69,68.09,733.25,-733.25,667877.48,Low,1958.98,2344.8,3179.13,2292.28,847.01,0.0,684.09
2025-06-18,Wednesday,June,2025,0,0.0,373.43,455.16,248.29,135.99,1212.87,-1212.87,666664.61,Low,1409.4,2357.63,3728.71,733.25,5059.9,0.0,713.08
2025-06-19,Thursday,June,2025,0,0.0,354.3,0.0,162.22,57.76,574.28,-574.28,666090.33,Low,1400.65,2353.61,3737.46,1212.87,635.54,0.0,673.93
2025-06-20,Friday,June,2025,0,0.0,398.26,165.04,128.13,161.82,853.25,-853.25,665237.08,Low,1408.62,2357.24,3729.49,574.28,797.45,0.0,799.79
2025-06-21,Saturday,June,2025,1,0.0,489.03,341.65,2385.15,51.34,3267.17,-3267.17,661969.91,Medium,1742.81,2440.89,3395.3,853.25,927.86,0.0,5418.6
2025-06-22,Sunday,June,2025,1,0.0,617.57,0.0,142.34,71.89,831.8,-831.8,661138.11,Low,1394.99,2450.07,-1394.99,3267.17,3266.58,0.0,4289.17
2025-06-23,Monday,June,2025,0,0.0,399.68,0.0,187.2,90.98,677.86,-677.86,660460.25,Low,1164.35,2443.57,-1164.35,831.8,2292.28,0.0,4644.19
2025-06-24,Tuesday,June,2025,0,0.0,357.06,0.0,201.37,125.66,684.09,-684.09,659776.16,Low,1157.33,2431.53,-1157.33,677.86,733.25,0.0,754.58
2025-06-25,Wednesday,June,2025,0,0.0,357.38,0.0,118.61,237.09,713.08,-713.08,659063.08,Low,1085.93,2430.22,-1085.93,684.09,1212.87,0.0,602.29
2025-06-26,Thursday,June,2025,0,0.0,376.52,0.0,149.53,147.88,673.93,-673.93,658389.15,Low,1100.17,2421.95,-1100.17,713.08,574.28,0.0,714.49
2025-06-27,Friday,June,2025,0,0.0,422.96,0.0,147.07,229.76,799.79,-799.79,657589.36,Low,1092.53,2126.84,-1092.53,673.93,853.25,0.0,674.61
2025-06-28,Saturday,June,2025,1,0.0,527.23,0.0,0.0,4891.37,5418.6,-5418.6,652170.76,High,1399.88,2163.81,-1399.88,799.79,3267.17,0.0,962.38
2025-06-29,Sunday,June,2025,1,0.0,349.02,0.0,0.0,3940.15,4289.17,-4289.17,647881.59,High,1893.79,2150.37,-1893.79,5418.6,831.8,0.0,898.06
2025-06-30,Monday,June,2025,0,9494.83,398.03,0.0,151.3,4094.86,4644.19,4850.64,652732.23,Medium,2460.41,1988.15,-1104.0,4289.17,677.86,0.4891,8376.67
2025-07-01,Tuesday,July,2025,0,34716.33,304.49,0.0,164.96,285.13,754.58,33961.75,686693.98,Low,2470.48,1981.22,3845.4,4644.19,684.09,0.0217,2886.46
2025-07-02,Wednesday,July,2025,0,0.0,320.68,0.0,118.7,162.91,602.29,-602.29,686091.69,Low,2454.65,1975.72,3861.23,754.58,713.08,0.0,1055.17
2025-07-03,Thursday,July,2025,0,0.0,458.01,0.0,103.11,153.37,714.49,-714.49,685377.2,Low,2460.44,1886.27,3855.44,602.29,673.93,0.0,713.88
2025-07-04,Friday,July,2025,0,0.0,397.25,0.0,131.59,145.77,674.61,-674.61,684702.59,Low,2442.56,1806.79,3873.32,714.49,799.79,0.0,571.88
2025-07-05,Saturday,July,2025,1,0.0,482.43,426.54,0.0,53.41,962.38,-962.38,683740.21,Low,1805.96,1816.57,4509.92,674.61,5418.6,0.0,4096.36
2025-07-06,Sunday,July,2025,1,0.0,541.52,0.0,248.7,107.84,898.06,-898.06,682842.15,Low,1321.51,1566.06,4994.37,962.38,4289.17,0.0,834.67
2025-07-07,Monday,July,2025,0,0.0,369.59,0.0,136.11,7870.97,8376.67,-8376.67,674465.48,High,1854.73,1805.74,3104.75,898.06,4644.19,0.0,708.72
2025-07-08,Tuesday,July,2025,0,0.0,568.64,0.0,254.7,2063.12,2886.46,-2886.46,671579.02,Medium,2159.28,1863.13,-2159.28,8376.67,754.58,0.0,932.01
2025-07-09,Wednesday,July,2025,0,0.0,477.09,244.52,185.04,148.52,1055.17,-1055.17,670523.85,Low,2223.98,1870.82,-2223.98,2886.46,602.29,0.0,999.23
2025-07-10,Thursday,July,2025,0,0.0,409.1,0.0,132.13,172.65,713.88,-713.88,669809.97,Low,2223.89,1866.38,-2223.89,1055.17,714.49,0.0,2159.97
2025-07-11,Friday,July,2025,0,0.0,289.27,0.0,177.32,105.29,571.88,-571.88,669238.09,Low,2209.21,1716.78,-2209.21,713.88,674.61,0.0,734.15
2025-07-12,Saturday,July,2025,1,0.0,578.64,0.0,364.2,3153.52,4096.36,-4096.36,665141.73,High,2656.93,1832.14,-2656.93,571.88,962.38,0.0,3994.37
2025-07-13,Sunday,July,2025,1,0.0,516.77,0.0,223.29,94.61,834.67,-834.67,664307.06,Low,2647.87,1833.38,-2647.87,4096.36,898.06,0.0,787.38
2025-07-14,Monday,July,2025,0,0.0,454.36,0.0,162.15,92.21,708.72,-708.72,663598.34,Low,1552.45,1826.08,-1552.45,834.67,8376.67,0.0,776.45
2025-07-15,Tuesday,July,2025,0,35396.17,506.66,0.0,285.52,139.83,932.01,34464.16,698062.5,Low,1273.24,1748.26,3783.35,708.72,2886.46,0.0263,925.62
2025-07-16,Wednesday,July,2025,0,0.0,429.37,223.76,139.86,206.24,999.23,-999.23,697063.27,Low,1265.25,1705.16,3791.35,932.01,1055.17,0.0,633.36
2025-07-17,Thursday,July,2025,0,0.0,385.05,1345.5,155.98,273.44,2159.97,-2159.97,694903.3,Medium,1471.83,1752.72,3584.76,999.23,713.88,0.0,844.46
2025-07-18,Friday,July,2025,0,0.0,418.01,0.0,149.02,167.12,734.15,-734.15,694169.15,Low,1495.02,1736.76,3561.58,2159.97,571.88,0.0,913.88
2025-07-19,Saturday,July,2025,1,4199.17,1819.03,592.19,1404.09,179.06,3994.37,204.8,694373.95,Medium,1480.45,1850.76,4176.03,734.15,4096.36,0.9512,1035.31
2025-07-20,Sunday,July,2025,1,0.0,627.71,0.0,0.0,159.67,787.38,-787.38,693586.57,Low,1473.69,1848.57,4182.79,3994.37,834.67,0.0,939.45
2025-07-21,Monday,July,2025,0,0.0,471.28,0.0,198.06,107.11,776.45,-776.45,692810.12,Low,1483.37,1765.54,4173.11,787.38,708.72,0.0,2292.14
2025-07-22,Tuesday,July,2025,0,0.0,477.37,0.0,171.14,277.11,925.62,-925.62,691884.5,Low,1482.45,1768.67,-882.57,776.45,932.01,0.0,3723.63
2025-07-23,Wednesday,July,2025,0,0.0,307.39,0.0,185.04,140.93,633.36,-633.36,691251.14,Low,1430.19,1767.19,-830.3,925.62,999.23,0.0,2920.71
2025-07-24,Thursday,July,2025,0,0.0,462.69,0.0,172.6,209.17,844.46,-844.46,690406.68,Low,1242.26,1772.53,-642.37,633.36,2159.97,0.0,4788.57
2025-07-25,Friday,July,2025,0,0.0,493.07,0.0,147.29,273.52,913.88,-913.88,689492.8,Low,1267.93,1779.23,-668.05,844.46,734.15,0.0,746.43
2025-07-26,Saturday,July,2025,1,0.0,759.37,0.0,169.03,106.91,1035.31,-1035.31,688457.49,Low,845.21,1791.27,-845.21,913.88,3994.37,0.0,797.72
2025-07-27,Sunday,July,2025,1,0.0,675.67,0.0,0.0,263.78,939.45,-939.45,687518.04,Low,866.93,1795.93,-866.93,1035.31,787.38,0.0,3117.87
2025-07-28,Monday,July,2025,0,0.0,313.19,0.0,142.96,1835.99,2292.14,-2292.14,685225.9,Medium,1083.46,1691.71,-1083.46,939.45,776.45,0.0,759.73
2025-07-29,Tuesday,July,2025,0,0.0,400.29,0.0,181.27,3142.07,3723.63,-3723.63,681502.27,High,1483.18,1672.86,-1483.18,2292.14,925.62,0.0,543.3
2025-07-30,Wednesday,July,2025,0,0.0,413.54,0.0,125.85,2381.32,2920.71,-2920.71,678581.56,Medium,1809.94,1615.41,-1809.94,3723.63,633.36,0.0,588.65
2025-07-31,Thursday,July,2025,0,5849.01,459.64,0.0,110.69,4218.24,4788.57,1060.44,679642.0,Medium,2373.38,1749.88,-1537.81,2920.71,844.46,0.8187,875.55
2025-08-01,Friday,August,2025,0,36512.9,451.93,0.0,122.99,171.51,746.43,35766.47,715408.47,Low,2349.46,1754.68,3702.24,4788.57,913.88,0.0204,673.92
2025-08-02,Saturday,August,2025,1,0.0,526.66,0.0,0.0,271.06,797.72,-797.72,714610.75,Low,2315.52,1757.46,3736.18,746.43,1035.31,0.0,542.84
2025-08-03,Sunday,August,2025,1,0.0,533.38,2424.3,0.0,160.19,3117.87,-3117.87,711492.88,Medium,2626.72,1838.9,3424.98,797.72,939.45,0.0,3869.8
2025-08-04,Monday,August,2025,0,0.0,319.58,0.0,197.55,242.6,759.73,-759.73,710733.15,Low,2407.81,1832.14,3643.89,3117.87,2292.14,0.0,6629.26
2025-08-05,Tuesday,August,2025,0,0.0,296.96,0.0,153.41,92.93,543.3,-543.3,710189.85,Low,1953.48,1820.32,4098.23,759.73,3723.63,0.0,729.08
2025-08-06,Wednesday,August,2025,0,0.0,346.73,0.0,191.86,50.06,588.65,-588.65,709601.2,Low,1620.32,1560.72,4431.38,543.3,2920.71,0.0,1609.16
2025-08-07,Thursday,August,2025,0,0.0,382.65,0.0,200.17,292.73,875.55,-875.55,708725.65,Low,1061.32,1493.69,4154.81,588.65,4788.57,0.0,1041.45
2025-08-08,Friday,August,2025,0,0.0,397.58,0.0,154.37,121.97,673.92,-673.92,708051.73,Low,1050.96,1480.98,-1050.96,875.55,746.43,0.0,662.45
2025-08-09,Saturday,August,2025,1,0.0,429.78,0.0,0.0,113.06,542.84,-542.84,707508.89,Low,1014.55,1475.28,-1014.55,673.92,797.72,0.0,1029.61
2025-08-10,Sunday,August,2025,1,0.0,690.56,3028.67,0.0,150.57,3869.8,-3869.8,703639.09,High,1121.97,1585.21,-1121.97,542.84,3117.87,0.0,2194.41
2025-08-11,Monday,August,2025,0,0.0,393.12,0.0,139.34,6096.8,6629.26,-6629.26,697009.83,High,1960.47,1669.64,-1960.47,3869.8,759.73,0.0,718.27
2025-08-12,Tuesday,August,2025,0,0.0,444.45,0.0,160.02,124.61,729.08,-729.08,696280.75,Low,1987.01,1666.12,-1987.01,6629.26,543.3,0.0,881.09
2025-08-13,Wednesday,August,2025,0,0.0,1376.84,0.0,144.08,88.24,1609.16,-1609.16,694671.59,Medium,2132.8,1696.13,-2132.8,729.08,588.65,0.0,599.51
2025-08-14,Thursday,August,2025,0,0.0,354.63,384.07,161.55,141.2,1041.45,-1041.45,693630.14,Low,2156.5,1699.78,-2156.5,1609.16,875.55,0.0,2121.44
2025-08-15,Friday,August,2025,0,33684.25,335.43,0.0,132.72,194.3,662.45,33021.8,726651.94,Low,2154.86,1688.56,2657.17,1041.45,673.92,0.0197,2073.13
2025-08-16,Saturday,August,2025,1,0.0,645.22,319.76,0.0,64.63,1029.61,-1029.61,725622.33,Low,2224.4,1650.88,2587.63,662.45,542.84,0.0,901.1
2025-08-17,Sunday,August,2025,1,0.0,2070.63,0.0,0.0,123.78,2194.41,-2194.41,723427.92,Medium,1985.06,1699.55,2826.98,1029.61,3869.8,0.0,987.01
2025-08-18,Monday,August,2025,0,0.0,361.81,0.0,168.63,187.83,718.27,-718.27,722709.65,Low,1140.63,1590.35,3671.4,2194.41,6629.26,0.0,775.34
2025-08-19,Tuesday,August,2025,0,0.0,460.97,0.0,170.88,249.24,881.09,-881.09,721828.56,Low,1162.35,1593.47,3649.69,718.27,729.08,0.0,3488.4
2025-08-20,Wednesday,August,2025,0,0.0,309.77,0.0,201.58,88.16,599.51,-599.51,721229.05,Low,1018.11,1587.57,3793.92,881.09,1609.16,0.0,642.48
2025-08-21,Thursday,August,2025,0,0.0,1787.91,0.0,135.81,197.72,2121.44,-2121.44,719107.61,Medium,1172.4,1627.44,3639.64,599.51,1041.45,0.0,2226.53
2025-08-22,Friday,August,2025,0,0.0,454.38,1224.54,129.25,264.96,2073.13,-2073.13,717034.48,Medium,1373.92,1675.43,-1373.92,2121.44,662.45,0.0,5176.79
2025-08-23,Saturday,August,2025,1,0.0,719.92,0.0,125.68,55.5,901.1,-901.1,716133.38,Low,1355.56,1677.32,-1355.56,2073.13,1029.61,0.0,5142.17
2025-08-24,Sunday,August,2025,1,7256.95,674.46,0.0,132.39,180.16,987.01,6269.94,722403.32,Low,1183.08,1679.75,-146.37,901.1,2194.41,0.136,3089.56
2025-08-25,Monday,August,2025,0,0.0,297.7,0.0,215.82,261.82,775.34,-775.34,721627.98,Low,1191.23,1671.09,-154.52,987.01,718.27,0.0,9322.74
2025-08-26,Tuesday,August,2025,0,2596.08,286.44,2794.38,203.16,204.42,3488.4,-892.32,720735.66,Medium,1563.7,1756.05,-156.13,775.34,881.09,1.3437,568.27
2025-08-27,Wednesday,August,2025,0,8628.24,440.44,0.0,141.96,60.08,642.48,7985.76,728721.42,Low,1569.84,1701.06,1070.34,3488.4,599.51,0.0745,783.45
2025-08-28,Thursday,August,2025,0,0.0,456.94,0.0,49.82,1719.77,2226.53,-2226.53,726494.89,Medium,1584.86,1651.16,1055.33,642.48,2121.44,0.0,686.64
2025-08-29,Friday,August,2025,0,0.0,491.9,486.03,179.35,4019.51,5176.79,-5176.79,721318.1,High,2028.24,1726.36,611.95,2226.53,2073.13,0.0,648.72
2025-08-30,Saturday,August,2025,1,0.0,660.42,206.67,370.93,3904.15,5142.17,-5142.17,716175.93,High,2634.1,1738.15,6.08,5176.79,901.1,0.0,1102.56
2025-08-31,Sunday,August,2025,1,0.0,532.86,0.0,238.79,2317.91,3089.56,-3089.56,713086.37,Medium,2934.47,1816.25,-1330.99,5142.17,987.01,0.0,1089.9
2025-09-01,Monday,September,2025,0,36169.27,1820.68,0.0,203.7,7298.36,9322.74,26846.53,739932.9,High,4155.52,2100.42,2614.99,3089.56,775.34,0.2578,805.5
2025-09-02,Tuesday,September,2025,0,0.0,365.66,0.0,139.69,62.92,568.27,-568.27,739364.63,Low,3738.36,2015.43,2661.28,9322.74,3488.4,0.0,2598.18
2025-09-03,Wednesday,September,2025,0,0.0,382.68,0.0,159.87,240.9,783.45,-783.45,738581.18,Low,3758.5,2016.23,1408.54,568.27,642.48,0.0,824.09
2025-09-04,Thursday,September,2025,0,0.0,346.65,0.0,190.77,149.22,686.64,-686.64,737894.54,Low,3538.52,2021.0,1628.52,783.45,2226.53,0.0,607.34
2025-09-05,Friday,September,2025,0,0.0,328.37,0.0,164.49,155.86,648.72,-648.72,737245.82,Low,2891.65,2023.01,2275.39,686.64,5176.79,0.0,676.3
2025-09-06,Saturday,September,2025,1,0.0,637.35,0.0,392.66,72.55,1102.56,-1102.56,736143.26,Low,2314.56,2030.57,2852.48,648.72,5142.17,0.0,1009.74
2025-09-07,Sunday,September,2025,1,0.0,590.97,0.0,336.45,162.48,1089.9,-1089.9,735053.36,Low,2028.9,2044.44,3138.14,1102.56,3089.56,0.0,4133.58
2025-09-08,Monday,September,2025,0,0.0,461.95,0.0,179.93,163.62,805.5,-805.5,734247.86,Low,812.15,2053.19,-812.15,1089.9,9322.74,0.0,3711.3
2025-09-09,Tuesday,September,2025,0,3932.05,241.79,2005.63,187.71,163.05,2598.18,1333.87,735581.73,Low,1102.14,2010.81,-540.41,805.5,568.27,0.6608,485.49
2025-09-10,Wednesday,September,2025,0,8203.28,514.25,0.0,196.43,113.41,824.09,7379.19,742960.92,Low,1107.94,1817.3,625.68,2598.18,783.45,0.1005,926.19
2025-09-11,Thursday,September,2025,0,3042.73,358.82,0.0,165.94,82.58,607.34,2435.39,745396.31,Low,1096.61,1813.24,1071.68,824.09,686.64,0.1996,808.77
2025-09-12,Friday,September,2025,0,0.0,380.45,0.0,178.34,117.51,676.3,-676.3,744720.01,Low,1100.55,1782.15,1067.74,607.34,648.72,0.0,628.78
2025-09-13,Saturday,September,2025,1,0.0,433.76,0.0,357.6,218.38,1009.74,-1009.74,743710.27,Low,1087.29,1781.09,1081.0,676.3,1102.56,0.0,2722.77
2025-09-14,Sunday,September,2025,1,0.0,520.43,1525.71,1954.95,132.49,4133.58,-4133.58,739576.69,High,1522.1,1896.79,646.19,1009.74,1089.9,0.0,4229.22
2025-09-15,Monday,September,2025,0,34770.24,442.16,0.0,214.57,3054.57,3711.3,31058.94,770635.63,Medium,1937.22,1986.18,5198.25,4133.58,805.5,0.1067,758.04
2025-09-16,Tuesday,September,2025,0,0.0,218.76,0.0,195.43,71.3,485.49,-485.49,770150.14,Low,1635.41,1929.22,4938.34,3711.3,2598.18,0.0,663.5
2025-09-17,Wednesday,September,2025,0,0.0,457.41,0.0,185.75,283.03,926.19,-926.19,769223.95,Low,1649.99,1936.15,3751.86,485.49,824.09,0.0,835.65
2025-09-18,Thursday,September,2025,0,0.0,402.31,0.0,153.88,252.58,808.77,-808.77,768415.18,Low,1678.77,1933.74,3288.41,926.19,607.34,0.0,784.13
2025-09-19,Friday,September,2025,0,0.0,369.76,0.0,129.99,129.03,628.78,-628.78,767786.4,Low,1671.98,1934.72,3295.2,808.77,676.3,0.0,823.22
2025-09-20,Saturday,September,2025,1,0.0,571.04,1552.74,320.0,278.99,2722.77,-2722.77,765063.63,Medium,1916.7,1954.76,3050.48,628.78,1009.74,0.0,3440.34
2025-09-21,Sunday,September,2025,1,0.0,675.09,0.0,3389.8,164.33,4229.22,-4229.22,760834.41,High,1930.36,2026.63,3036.82,2722.77,4133.58,0.0,2549.64
2025-09-22,Monday,September,2025,0,0.0,473.75,0.0,228.66,55.63,758.04,-758.04,760076.37,Low,1508.47,2021.86,-1508.47,4229.22,3711.3,0.0,3234.98
2025-09-23,Tuesday,September,2025,0,0.0,240.8,0.0,237.37,185.33,663.5,-663.5,759412.87,Low,1533.9,2011.08,-1533.9,758.04,485.49,0.0,2412.41
2025-09-24,Wednesday,September,2025,0,0.0,428.17,0.0,188.93,218.55,835.65,-835.65,758577.22,Low,1520.96,2013.09,-1520.96,663.5,926.19,0.0,855.86
2025-09-25,Thursday,September,2025,0,0.0,477.07,0.0,160.03,147.03,784.13,-784.13,757793.09,Low,1517.44,1922.95,-1517.44,835.65,808.77,0.0,807.58
2025-09-26,Friday,September,2025,0,0.0,492.02,0.0,111.31,219.89,823.22,-823.22,756969.87,Low,1545.22,1928.97,-1545.22,784.13,628.78,0.0,1335.68
2025-09-27,Saturday,September,2025,1,0.0,401.91,226.74,2640.37,171.32,3440.34,-3440.34,753529.53,Medium,1647.73,1969.43,-1647.73,823.22,2722.77,0.0,2767.32
2025-09-28,Sunday,September,2025,1,0.0,539.86,0.0,0.0,2009.78,2549.64,-2549.64,750979.89,Medium,1407.79,1881.86,-1407.79,3440.34,4229.22,0.0,1093.12
2025-09-29,Monday,September,2025,0,0.0,472.61,0.0,215.77,2546.6,3234.98,-3234.98,747744.91,Medium,1761.64,1818.29,-1761.64,2549.64,758.04,0.0,645.58
2025-09-30,Tuesday,September,2025,0,0.0,354.61,0.0,262.57,1795.23,2412.41,-2412.41,745332.5,Medium,2011.48,1795.71,-2011.48,3234.98,663.5,0.0,717.39
2025-10-01,Wednesday,October,2025,0,35118.48,429.04,0.0,246.69,180.13,855.86,34262.62,779595.12,Low,2014.37,1513.49,3002.56,2412.41,835.65,0.0244,5730.78
2025-10-02,Thursday,October,2025,0,0.0,458.53,0.0,197.04,152.01,807.58,-807.58,778787.54,Low,2017.72,1521.46,2999.21,855.86,784.13,0.0,984.61
2025-10-03,Friday,October,2025,0,0.0,469.28,596.92,192.96,76.52,1335.68,-1335.68,777451.86,Low,2090.93,1539.87,2926.0,807.58,823.22,0.0,569.01
2025-10-04,Saturday,October,2025,1,0.0,2190.07,0.0,358.7,218.55,2767.32,-2767.32,774684.54,Medium,1994.78,1609.23,3022.14,1335.68,3440.34,0.0,611.05
2025-10-05,Sunday,October,2025,1,5274.0,551.95,0.0,340.11,201.06,1093.12,4180.88,778865.42,Low,1786.71,1624.04,3983.65,2767.32,2549.64,0.2073,989.07
2025-10-06,Monday,October,2025,0,0.0,341.83,0.0,143.72,160.03,645.58,-645.58,778219.84,Low,1416.79,1608.81,4353.56,1093.12,3234.98,0.0,754.47
2025-10-07,Tuesday,October,2025,0,0.0,364.85,0.0,156.58,195.96,717.39,-717.39,777502.45,Low,1174.65,1596.39,4595.71,645.58,2412.41,0.0,909.03
2025-10-08,Wednesday,October,2025,0,0.0,308.59,345.18,187.14,4889.87,5730.78,-5730.78,771771.67,High,1871.06,1760.57,-1117.64,717.39,855.86,0.0,919.5
2025-10-09,Thursday,October,2025,0,0.0,531.85,0.0,200.08,252.68,984.61,-984.61,770787.06,Low,1896.35,1706.78,-1142.93,5730.78,807.58,0.0,780.12
2025-10-10,Friday,October,2025,0,0.0,303.58,0.0,179.51,85.92,569.01,-569.01,770218.05,Low,1786.83,1698.28,-1033.4,984.61,1335.68,0.0,763.98
2025-10-11,Saturday,October,2025,1,0.0,505.31,0.0,0.0,105.74,611.05,-611.05,769607.0,Low,1478.79,1698.4,-725.36,569.01,2767.32,0.0,912.64
2025-10-12,Sunday,October,2025,1,0.0,594.73,0.0,103.62,290.72,989.07,-989.07,768617.93,Low,1463.93,1708.83,-1463.93,611.05,1093.12,0.0,551.36
2025-10-13,Monday,October,2025,0,0.0,460.08,0.0,185.08,109.31,754.47,-754.47,767863.46,Low,1479.48,1700.32,-1479.48,989.07,645.58,0.0,6583.11
2025-10-14,Tuesday,October,2025,0,0.0,409.8,0.0,247.74,251.49,909.03,-909.03,766954.43,Low,1506.86,1592.83,-1506.86,754.47,717.39,0.0,648.09
2025-10-15,Wednesday,October,2025,0,34331.33,537.46,0.0,208.11,173.93,919.5,33411.83,800366.26,Low,819.53,1499.77,4084.94,909.03,5730.78,0.0268,832.49
2025-10-16,Thursday,October,2025,0,0.0,432.81,0.0,196.36,150.95,780.12,-780.12,799586.14,Low,790.32,1509.59,4114.15,919.5,984.61,0.0,910.39
2025-10-17,Friday,October,2025,0,0.0,454.89,0.0,145.55,163.54,763.98,-763.98,798822.16,Low,818.17,1504.19,4086.3,780.12,569.01,0.0,701.76
2025-10-18,Saturday,October,2025,1,0.0,631.0,0.0,126.95,154.69,912.64,-912.64,797909.52,Low,861.26,1507.65,4043.22,763.98,611.05,0.0,947.38
2025-10-19,Sunday,October,2025,1,6132.37,438.5,0.0,0.0,112.86,551.36,5581.01,803490.53,Low,798.73,1505.07,4981.8,912.64,989.07,0.0899,1252.56
2025-10-20,Monday,October,2025,0,0.0,409.37,0.0,136.88,6036.86,6583.11,-6583.11,796907.42,High,1631.39,1633.75,4149.14,551.36,754.47,0.0,774.88
2025-10-21,Tuesday,October,2025,0,0.0,363.4,0.0,202.89,81.8,648.09,-648.09,796259.33,Low,1594.11,1514.38,4186.41,6583.11,909.03,0.0,2873.57
2025-10-22,Wednesday,October,2025,0,0.0,449.95,0.0,95.61,286.93,832.49,-832.49,795426.84,Low,1581.68,1516.86,-705.63,648.09,919.5,0.0,3346.73
2025-10-23,Thursday,October,2025,0,0.0,501.97,0.0,143.95,264.47,910.39,-910.39,794516.45,Low,1600.29,1525.09,-724.24,832.49,780.12,0.0,3831.01
2025-10-24,Friday,October,2025,0,0.0,379.78,0.0,250.04,71.94,701.76,-701.76,793814.69,Low,1591.41,1520.62,-715.35,910.39,763.98,0.0,11494.45
2025-10-25,Saturday,October,2025,1,0.0,548.15,0.0,314.99,84.24,947.38,-947.38,792867.31,Low,1596.37,1526.07,-720.32,701.76,912.64,0.0,976.98
2025-10-26,Sunday,October,2025,1,0.0,701.25,0.0,397.6,153.71,1252.56,-1252.56,791614.75,Low,1696.54,1540.38,-1696.54,947.38,551.36,0.0,2459.8
2025-10-27,Monday,October,2025,0,2983.29,398.38,0.0,162.84,213.66,774.88,2208.41,793823.16,Low,866.79,1451.53,-440.61,1252.56,6583.11,0.2597,4188.41
2025-10-28,Tuesday,October,2025,0,0.0,475.76,0.0,154.47,2243.34,2873.57,-2873.57,790949.59,Medium,1184.72,1462.33,-758.53,774.88,648.09,0.0,778.64
2025-10-29,Wednesday,October,2025,0,0.0,391.31,0.0,139.24,2816.18,3346.73,-3346.73,787602.86,Medium,1543.9,1466.05,-1117.71,2873.57,832.49,0.0,1766.54
2025-10-30,Thursday,October,2025,0,0.0,295.91,1296.32,286.68,1952.1,3831.01,-3831.01,783771.85,High,1961.13,1513.34,-1534.94,3346.73,910.39,0.0,830.59
2025-10-31,Friday,October,2025,0,0.0,415.04,158.57,189.2,10731.64,11494.45,-11494.45,772277.4,High,3502.94,1867.96,-3076.76,3831.01,701.76,0.0,976.82
2025-11-01,Saturday,November,2025,1,35090.78,450.41,0.0,272.29,254.28,976.98,34113.8,806391.2,Low,3507.17,1873.6,1931.98,11494.45,947.38,0.0278,1101.31
2025-11-02,Sunday,November,2025,1,0.0,2180.53,0.0,0.0,279.27,2459.8,-2459.8,803931.4,Medium,3679.63,1911.07,1759.52,976.98,1252.56,0.0,1927.54
2025-11-03,Monday,November,2025,0,0.0,329.43,0.0,120.51,3738.47,4188.41,-4188.41,799742.99,High,4167.28,1958.44,845.69,2459.8,774.88,0.0,998.93
2025-11-04,Tuesday,November,2025,0,0.0,486.15,0.0,217.57,74.92,778.64,-778.64,798964.35,Low,3868.0,1947.96,1144.97,4188.41,2873.57,0.0,949.5
2025-11-05,Wednesday,November,2025,0,0.0,1375.94,0.0,195.95,194.65,1766.54,-1766.54,797197.81,Medium,3642.26,1985.33,1370.71,778.64,3346.73,0.0,903.2
2025-11-06,Thursday,November,2025,0,0.0,458.26,0.0,170.65,201.68,830.59,-830.59,796367.22,Low,3213.63,1989.1,1799.34,1766.54,3831.01,0.0,1120.88
2025-11-07,Friday,November,2025,0,0.0,469.16,0.0,263.42,244.24,976.82,-976.82,795390.4,Low,1711.11,1830.63,3301.86,830.59,11494.45,0.0,792.97
2025-11-08,Saturday,November,2025,1,0.0,547.81,349.7,0.0,203.8,1101.31,-1101.31,794289.09,Low,1728.87,1834.52,-1728.87,976.82,976.98,0.0,852.76
2025-11-09,Sunday,November,2025,1,0.0,470.45,0.0,1308.66,148.43,1927.54,-1927.54,792361.55,Medium,1652.84,1879.81,-1652.84,1101.31,2459.8,0.0,1022.39
2025-11-10,Monday,November,2025,0,0.0,481.46,0.0,244.09,273.38,998.93,-998.93,791362.62,Low,1197.2,1892.74,-1197.2,1927.54,4188.41,0.0,834.08
2025-11-11,Tuesday,November,2025,0,0.0,248.27,286.55,148.7,265.98,949.5,-949.5,790413.12,Low,1221.6,1891.42,-1221.6,998.93,778.64,0.0,780.62
2025-11-12,Wednesday,November,2025,0,0.0,440.49,152.4,119.11,191.2,903.2,-903.2,789509.92,Low,1098.27,1896.38,-1098.27,949.5,1766.54,0.0,780.87
2025-11-13,Thursday,November,2025,0,0.0,475.97,269.07,195.96,179.88,1120.88,-1120.88,788389.04,Low,1139.74,1903.44,-1139.74,903.2,830.59,0.0,849.18
2025-11-14,Friday,November,2025,0,6454.5,477.11,0.0,249.17,66.69,792.97,5661.53,794050.57,Low,1113.48,1899.22,-191.4,1120.88,976.82,0.1229,909.85
2025-11-15,Saturday,November,2025,1,39186.2,614.04,0.0,0.0,238.72,852.76,38333.44,832384.01,Low,1077.97,1901.64,5442.13,792.97,1101.31,0.0218,993.4
2025-11-16,Sunday,November,2025,1,0.0,526.56,0.0,382.78,113.05,1022.39,-1022.39,831361.62,Low,948.66,1910.26,5571.44,852.76,1927.54,0.0,2490.74
2025-11-17,Monday,November,2025,0,0.0,410.23,0.0,129.42,294.43,834.08,-834.08,830527.54,Low,925.11,1907.64,5594.99,1022.39,998.93,0.0,752.72
2025-11-18,Tuesday,November,2025,0,0.0,412.19,0.0,160.92,207.51,780.62,-780.62,829746.92,Low,900.99,1915.28,5619.11,834.08,949.5,0.0,739.94
2025-11-19,Wednesday,November,2025,0,0.0,525.61,0.0,113.52,141.74,780.87,-780.87,828966.05,Low,883.51,1721.87,5636.59,780.62,903.2,0.0,793.25
2025-11-20,Thursday,November,2025,0,4027.66,451.61,0.0,129.68,267.89,849.18,3178.48,832144.53,Low,844.7,1728.57,6250.78,780.87,1120.88,0.2108,754.16
2025-11-21,Friday,November,2025,0,0.0,469.77,0.0,140.83,299.25,909.85,-909.85,831234.68,Low,861.39,1731.15,5312.02,849.18,792.97,0.0,5698.68
2025-11-22,Saturday,November,2025,1,0.0,566.56,0.0,349.98,76.86,993.4,-993.4,830241.28,Low,881.48,1733.92,-306.1,909.85,852.76,0.0,3538.71
2025-11-23,Sunday,November,2025,1,0.0,507.2,1790.71,0.0,192.83,2490.74,-2490.74,827750.54,Medium,1091.25,1793.55,-515.87,993.4,1022.39,0.0,5088.7
2025-11-24,Monday,November,2025,0,0.0,381.8,0.0,177.03,193.89,752.72,-752.72,826997.82,Low,1079.63,1787.06,-504.25,2490.74,834.08,0.0,750.19
2025-11-25,Tuesday,November,2025,0,0.0,395.32,0.0,196.44,148.18,739.94,-739.94,826257.88,Low,1073.81,1769.98,-498.43,752.72,780.62,0.0,1007.74
2025-11-26,Wednesday,November,2025,0,0.0,445.14,0.0,192.39,155.72,793.25,-793.25,825464.63,Low,1075.58,1770.59,-500.2,739.94,780.87,0.0,780.81
2025-11-27,Thursday,November,2025,0,0.0,441.54,0.0,211.49,101.13,754.16,-754.16,824710.47,Low,1062.01,1699.94,-1062.01,793.25,849.18,0.0,956.84
2025-11-28,Friday,November,2025,0,0.0,473.4,0.0,145.82,5079.46,5698.68,-5698.68,819011.79,High,1746.13,1778.34,-1746.13,754.16,909.85,0.0,750.55
2025-11-29,Saturday,November,2025,1,0.0,513.04,0.0,246.36,2779.31,3538.71,-3538.71,815473.08,High,2109.74,1768.6,-2109.74,5698.68,993.4,0.0,1025.77
2025-11-30,Sunday,November,2025,1,0.0,663.22,0.0,0.0,4425.48,5088.7,-5088.7,810384.38,High,2480.88,1555.07,-2480.88,3538.71,2490.74,0.0,3359.34
2025-12-01,Monday,December,2025,0,33478.86,411.25,0.0,207.47,131.47,750.19,32728.67,843113.05,Low,2480.52,1547.51,2302.18,5088.7,752.72,0.0224,716.43
2025-12-02,Tuesday,December,2025,0,0.0,554.35,0.0,162.95,290.44,1007.74,-1007.74,842105.31,Low,2518.78,1499.11,2263.92,750.19,739.94,0.0,769.33
2025-12-03,Wednesday,December,2025,0,0.0,418.01,0.0,182.6,180.2,780.81,-780.81,841324.5,Low,2517.0,1385.52,2265.7,1007.74,793.25,0.0,763.05
2025-12-04,Thursday,December,2025,0,0.0,546.81,0.0,205.69,204.34,956.84,-956.84,840367.66,Low,2545.95,1391.46,2236.74,780.81,754.16,0.0,911.18
2025-12-05,Friday,December,2025,0,0.0,409.22,0.0,202.55,138.78,750.55,-750.55,839617.11,Low,1839.08,1357.6,2943.62,956.84,5698.68,0.0,751.64
2025-12-06,Saturday,December,2025,1,0.0,742.61,0.0,0.0,283.16,1025.77,-1025.77,838591.34,Low,1480.09,1364.1,3302.61,750.55,3538.71,0.0,1805.78
2025-12-07,Sunday,December,2025,1,0.0,745.74,437.07,1921.41,255.12,3359.34,-3359.34,835232.0,Medium,1233.03,1443.52,3549.66,1025.77,5088.7,0.0,1290.6
2025-12-08,Monday,December,2025,0,0.0,342.94,164.35,140.12,69.02,716.43,-716.43,834515.57,Low,1228.21,1430.69,-1228.21,3359.34,750.19,0.0,1666.15
2025-12-09,Tuesday,December,2025,0,0.0,457.16,0.0,154.84,157.33,769.33,-769.33,833746.24,Low,1194.15,1392.08,-1194.15,716.43,1007.74,0.0,6735.19
2025-12-10,Wednesday,December,2025,0,0.0,491.54,0.0,221.5,50.01,763.05,-763.05,832983.19,Low,1191.62,1384.22,-1191.62,769.33,780.81,0.0,618.53
2025-12-11,Thursday,December,2025,0,0.0,458.57,0.0,252.79,199.82,911.18,-911.18,832072.01,Low,1185.09,1382.94,-1185.09,763.05,956.84,0.0,4254.84
2025-12-12,Friday,December,2025,0,0.0,408.39,0.0,147.5,195.75,751.64,-751.64,831320.37,Low,1185.25,1377.89,-1185.25,911.18,750.55,0.0,913.65
2025-12-13,Saturday,December,2025,1,0.0,1732.52,0.0,0.0,73.26,1805.78,-1805.78,829514.59,Medium,1296.68,1400.72,-1296.68,751.64,1025.77,0.0,521.71
2025-12-14,Sunday,December,2025,1,0.0,489.09,567.31,0.0,234.2,1290.6,-1290.6,828223.99,Low,1001.14,1417.31,-1001.14,1805.78,3359.34,0.0,968.5
2025-12-15,Monday,December,2025,0,36341.28,1305.77,0.0,136.51,223.87,1666.15,34675.13,862899.12,Low,1136.82,1444.42,4054.79,1290.6,716.43,0.0458,1461.96
2025-12-16,Tuesday,December,2025,0,0.0,495.7,370.14,124.46,5744.89,6735.19,-6735.19,856163.93,High,1989.08,1634.85,3202.53,1666.15,769.33,0.0,574.71
2025-12-17,Wednesday,December,2025,0,0.0,392.16,0.0,134.11,92.26,618.53,-618.53,855545.4,Low,1968.44,1627.66,3223.17,6735.19,763.05,0.0,838.85
2025-12-18,Thursday,December,2025,0,0.0,354.43,0.0,220.87,3679.54,4254.84,-4254.84,851290.56,High,2446.1,1743.47,2745.51,618.53,911.18,0.0,765.09
2025-12-19,Friday,December,2025,0,0.0,508.76,0.0,188.96,215.93,913.65,-913.65,850376.91,Low,2469.25,1747.9,2722.36,4254.84,751.64,0.0,917.17
2025-12-20,Saturday,December,2025,1,0.0,367.22,0.0,0.0,154.49,521.71,-521.71,849855.2,Low,2285.81,1736.98,2905.8,913.65,1805.78,0.0,3208.0
2025-12-21,Sunday,December,2025,1,0.0,617.47,0.0,166.45,184.58,968.5,-968.5,848886.7,Low,2239.8,1738.94,2951.82,521.71,1290.6,0.0,8255.79
2025-12-22,Monday,December,2025,0,0.0,511.15,510.64,178.54,261.63,1461.96,-1461.96,847424.74,Low,2210.63,1754.56,-2210.63,968.5,1666.15,0.0,4753.06
2025-12-23,Tuesday,December,2025,0,0.0,286.62,0.0,150.25,137.84,574.71,-574.71,846850.03,Low,1330.56,1690.69,-1330.56,1461.96,6735.19,0.0,5114.37
2025-12-24,Wednesday,December,2025,0,0.0,444.22,0.0,143.38,251.25,838.85,-838.85,846011.18,Low,1362.03,1693.56,-1362.03,574.71,618.53,0.0,3634.66
2025-12-25,Thursday,December,2025,0,0.0,417.09,0.0,190.82,157.18,765.09,-765.09,845246.09,Low,863.5,1694.4,-863.5,838.85,4254.84,0.0,1203.49
2025-12-26,Friday,December,2025,0,0.0,470.87,0.0,222.38,223.92,917.17,-917.17,844328.92,Low,864.0,1698.53,-864.0,765.09,913.65,0.0,695.86
2025-12-27,Saturday,December,2025,1,0.0,498.66,0.0,2581.69,127.65,3208.0,-3208.0,841120.92,Medium,1247.75,1780.32,-1247.75,917.17,521.71,0.0,969.48
2025-12-28,Sunday,December,2025,1,0.0,664.98,0.0,2881.01,4709.8,8255.79,-8255.79,832865.13,High,2288.8,1865.56,-2288.8,3208.0,968.5,0.0,614.51
2025-12-29,Monday,December,2025,0,0.0,418.43,0.0,167.36,4167.27,4753.06,-4753.06,828112.07,High,2758.95,1906.04,-2758.95,8255.79,1461.96,0.0,833.65
2025-12-30,Tuesday,December,2025,0,0.0,430.24,0.0,181.76,4502.37,5114.37,-5114.37,822997.7,High,3407.48,1906.89,-3407.48,4753.06,574.71,0.0,1277.73
2025-12-31,Wednesday,December,2025,0,0.0,302.15,0.0,175.61,3156.9,3634.66,-3634.66,819363.04,High,3806.88,2003.04,-3806.88,5114.37,838.85,0.0,549.31
2026-01-01,Thursday,January,2026,0,37644.09,299.18,560.62,227.2,116.49,1203.49,36440.6,855803.64,Low,3869.51,2009.57,1508.22,3634.66,765.09,0.032,647.8
2026-01-02,Friday,January,2026,0,0.0,500.01,0.0,143.54,52.31,695.86,-695.86,855107.78,Low,3837.89,2006.74,1539.84,1203.49,917.17,0.0,572.16
2026-01-03,Saturday,January,2026,1,0.0,647.62,0.0,222.15,99.71,969.48,-969.48,854138.3,Low,3518.1,2007.16,1859.63,695.86,3208.0,0.0,758.8
2026-01-04,Sunday,January,2026,1,0.0,414.96,0.0,0.0,199.55,614.51,-614.51,853523.79,Low,2426.49,2002.62,2951.24,969.48,8255.79,0.0,1487.43
2026-01-05,Monday,January,2026,0,0.0,501.91,0.0,181.33,150.41,833.65,-833.65,852690.14,Low,1866.57,1996.22,3511.15,614.51,4753.06,0.0,769.73
2026-01-06,Tuesday,January,2026,0,0.0,499.57,520.3,160.64,97.22,1277.73,-1277.73,851412.41,Low,1318.48,1926.83,4059.24,833.65,5114.37,0.0,1961.44
2026-01-07,Wednesday,January,2026,0,0.0,361.08,0.0,138.0,50.23,549.31,-549.31,850863.1,Low,877.72,1921.26,4500.01,1277.73,3634.66,0.0,893.5
2026-01-08,Thursday,January,2026,0,0.0,421.85,0.0,164.81,61.14,647.8,-647.8,850215.3,Low,798.33,1917.21,-798.33,549.31,1203.49,0.0,824.15
2026-01-09,Friday,January,2026,0,0.0,351.64,0.0,133.93,86.59,572.16,-572.16,849643.14,Low,780.66,1910.85,-780.66,647.8,695.86,0.0,836.86
2026-01-10,Saturday,January,2026,1,0.0,524.89,0.0,0.0,233.91,758.8,-758.8,848884.34,Low,750.57,1905.77,-750.57,572.16,969.48,0.0,3247.6
2026-01-11,Sunday,January,2026,1,0.0,452.14,559.17,253.65,222.47,1487.43,-1487.43,847396.91,Low,875.27,1930.29,-875.27,758.8,614.51,0.0,897.17
2026-01-12,Monday,January,2026,0,0.0,398.66,0.0,167.52,203.55,769.73,-769.73,846627.18,Low,866.14,1895.76,-866.14,1487.43,833.65,0.0,5204.0
2026-01-13,Tuesday,January,2026,0,0.0,1660.77,0.0,88.9,211.77,1961.44,-1961.44,844665.74,Medium,963.81,1918.12,-963.81,769.73,1277.73,0.0,3796.42
2026-01-14,Wednesday,January,2026,0,0.0,483.04,0.0,176.46,234.0,893.5,-893.5,843772.24,Low,1012.98,1892.37,-1012.98,1961.44,549.31,0.0,878.83
2026-01-15,Thursday,January,2026,0,37643.43,490.03,0.0,147.99,186.13,824.15,36819.28,880591.52,Low,1038.17,1695.33,4339.46,893.5,647.8,0.0219,827.03
2026-01-16,Friday,January,2026,0,7585.72,403.18,0.0,251.32,182.36,836.86,6748.86,887340.38,Low,1075.99,1702.61,5385.32,824.15,572.16,0.1103,868.98
2026-01-17,Saturday,January,2026,1,0.0,569.98,452.29,2151.71,73.62,3247.6,-3247.6,884092.78,Medium,1431.53,1669.03,5029.78,836.86,758.8,0.0,751.59
2026-01-18,Sunday,January,2026,1,0.0,698.88,0.0,0.0,198.29,897.17,-897.17,883195.61,Low,1347.21,1668.48,5114.1,3247.6,1487.43,0.0,7200.75
2026-01-19,Monday,January,2026,0,0.0,410.41,0.0,150.56,4643.03,5204.0,-5204.0,877991.61,High,1980.67,1824.56,4480.63,897.17,769.73,0.0,2417.69
2026-01-20,Tuesday,January,2026,0,0.0,417.4,2886.73,235.61,256.68,3796.42,-3796.42,874195.19,High,2242.81,1918.82,4218.49,5204.0,1961.44,0.0,1167.42
2026-01-21,Wednesday,January,2026,0,0.0,540.36,0.0,193.68,144.79,878.83,-878.83,873316.36,Low,2240.72,1899.39,4220.59,3796.42,893.5,0.0,4323.09
2026-01-22,Thursday,January,2026,0,0.0,585.81,0.0,165.62,75.6,827.03,-827.03,872489.33,Low,2241.13,1907.8,-1157.46,878.83,824.15,0.0,3059.25
2026-01-23,Friday,January,2026,0,5041.2,531.08,0.0,151.0,186.9,868.98,4172.22,876661.55,Low,2245.72,1908.8,-1525.55,827.03,836.86,0.1724,5910.65
2026-01-24,Saturday,January,2026,1,0.0,503.84,0.0,0.0,247.75,751.59,-751.59,875909.96,Low,1889.15,1908.35,-1168.97,868.98,3247.6,0.0,3979.55
2026-01-25,Sunday,January,2026,1,0.0,529.89,0.0,0.0,6670.86,7200.75,-7200.75,868709.21,High,2789.66,2117.8,-2069.49,751.59,897.17,0.0,819.08
2026-01-26,Monday,January,2026,0,0.0,2137.48,0.0,178.87,101.34,2417.69,-2417.69,866291.52,Medium,2391.61,2091.46,-1671.44,7200.75,5204.0,0.0,752.28
2026-01-27,Tuesday,January,2026,0,0.0,544.02,196.97,195.85,230.58,1167.42,-1167.42,865124.1,Low,2016.04,1855.18,-1295.87,2417.69,3796.42,0.0,596.41
2026-01-28,Wednesday,January,2026,0,0.0,453.73,0.0,153.04,3716.32,4323.09,-4323.09,860801.01,High,2508.08,1840.85,-1787.91,1167.42,878.83,0.0,730.08
2026-01-29,Thursday,January,2026,0,5083.76,549.27,0.0,192.23,2317.75,3059.25,2024.51,862825.52,Medium,2826.97,1772.35,-1380.54,4323.09,827.03,0.6018,797.2
2026-01-30,Friday,January,2026,0,5502.22,1765.94,0.0,147.69,3997.02,5910.65,-408.43,862417.09,Medium,3547.21,1848.21,-2034.92,3059.25,868.98,1.0742,939.21
2026-01-31,Saturday,January,2026,1,0.0,555.26,0.0,0.0,3424.29,3979.55,-3979.55,858437.54,High,4008.34,1940.75,-2496.06,5910.65,751.59,0.0,701.41
2026-02-01,Sunday,February,2026,1,38672.75,645.42,0.0,111.78,61.88,819.08,37853.67,896291.21,Low,3096.68,1944.86,3940.29,3979.55,7200.75,0.0212,907.49
2026-02-02,Monday,February,2026,0,0.0,423.27,0.0,239.03,89.98,752.28,-752.28,895538.93,Low,2858.76,1937.62,4178.2,819.08,2417.69,0.0,689.43
2026-02-03,Tuesday,February,2026,0,0.0,284.57,0.0,183.58,128.26,596.41,-596.41,894942.52,Low,2777.19,1937.01,4259.77,752.28,1167.42,0.0,761.05
2026-02-04,Wednesday,February,2026,0,0.0,307.46,0.0,163.73,258.89,730.08,-730.08,894212.44,Low,2263.9,1933.56,4773.06,596.41,4323.09,0.0,936.67
2026-02-05,Thursday,February,2026,0,0.0,522.8,0.0,166.66,107.74,797.2,-797.2,893415.24,Low,1940.75,1917.54,4369.96,730.08,3059.25,0.0,656.74
2026-02-06,Friday,February,2026,0,0.0,484.06,0.0,205.14,250.01,939.21,-939.21,892476.03,Low,1230.54,1930.54,4294.13,797.2,5910.65,0.0,4333.53
2026-02-07,Saturday,February,2026,1,0.0,594.8,0.0,0.0,106.61,701.41,-701.41,891774.62,Low,762.24,1932.33,4762.44,939.21,3979.55,0.0,1062.07
2026-02-08,Sunday,February,2026,1,0.0,591.0,0.0,150.91,165.58,907.49,-907.49,890867.13,Low,774.87,1943.5,-774.87,701.41,819.08,0.0,891.11
2026-02-09,Monday,February,2026,0,0.0,403.12,0.0,201.72,84.59,689.43,-689.43,890177.7,Low,765.89,1941.19,-765.89,907.49,752.28,0.0,2214.26
2026-02-10,Tuesday,February,2026,0,0.0,494.11,0.0,212.35,54.59,761.05,-761.05,889416.65,Low,789.41,1916.98,-789.41,689.43,596.41,0.0,865.28
2026-02-11,Wednesday,February,2026,0,0.0,474.53,0.0,214.03,248.11,936.67,-936.67,888479.98,Low,818.92,1922.54,-818.92,761.05,730.08,0.0,678.77
2026-02-12,Thursday,February,2026,0,9462.23,383.32,0.0,168.01,105.41,656.74,8805.49,897285.47,Low,798.86,1879.05,552.89,936.67,797.2,0.0694,3550.35
2026-02-13,Friday,February,2026,0,0.0,497.84,3379.2,185.35,271.14,4333.53,-4333.53,892951.94,High,1283.76,1993.72,67.99,656.74,939.21,0.0,1042.85
2026-02-14,Saturday,February,2026,1,0.0,651.28,0.0,226.41,184.38,1062.07,-1062.07,891889.87,Low,1335.28,2001.65,16.46,4333.53,701.41,0.0,749.05
2026-02-15,Sunday,February,2026,1,37263.34,437.44,0.0,381.37,72.3,891.11,36372.23,928262.1,Low,1332.94,2003.46,5342.14,1062.07,907.49,0.0239,1426.9
2026-02-16,Monday,February,2026,0,0.0,1644.41,0.0,288.41,281.44,2214.26,-2214.26,926047.84,Medium,1550.78,1969.01,5124.31,891.11,689.43,0.0,623.67
2026-02-17,Tuesday,February,2026,0,0.0,480.19,0.0,166.14,218.95,865.28,-865.28,925182.56,Low,1565.67,1967.95,5109.42,2214.26,761.05,0.0,637.77
2026-02-18,Wednesday,February,2026,0,0.0,419.61,0.0,180.88,78.28,678.77,-678.77,924503.79,Low,1528.82,1817.11,5146.26,865.28,936.67,0.0,897.01
2026-02-19,Thursday,February,2026,0,0.0,464.86,2802.63,141.76,141.1,3550.35,-3550.35,920953.44,High,1942.2,1808.91,3381.14,678.77,656.74,0.0,4606.64
2026-02-20,Friday,February,2026,0,0.0,616.07,0.0,178.87,247.91,1042.85,-1042.85,919910.59,Low,1472.1,1814.38,3851.24,3550.35,4333.53,0.0,6603.02
2026-02-21,Saturday,February,2026,1,0.0,450.17,0.0,0.0,298.88,749.05,-749.05,919161.54,Low,1427.38,1811.78,3895.95,1042.85,1062.07,0.0,4962.74
2026-02-22,Sunday,February,2026,1,9120.15,678.98,596.22,0.0,151.7,1426.9,7693.25,926854.79,Low,1503.92,1830.37,-201.04,749.05,891.11,0.1565,729.92
2026-02-23,Monday,February,2026,0,0.0,372.0,0.0,187.74,63.93,623.67,-623.67,926231.12,Low,1276.7,1826.11,26.18,1426.9,2214.26,0.0,821.48
2026-02-24,Tuesday,February,2026,0,0.0,445.41,0.0,103.62,88.74,637.77,-637.77,925593.35,Low,1244.19,1607.34,58.68,623.67,865.28,0.0,677.38
2026-02-25,Wednesday,February,2026,0,0.0,492.93,0.0,126.38,277.7,897.01,-897.01,924696.34,Low,1275.37,1556.65,27.51,637.77,678.77,0.0,827.28
2026-02-26,Thursday,February,2026,0,0.0,416.73,0.0,198.08,3991.83,4606.64,-4606.64,920089.7,High,1426.27,1671.3,-123.39,897.01,3550.35,0.0,681.54
2026-02-27,Friday,February,2026,0,0.0,340.86,0.0,101.08,6161.08,6603.02,-6603.02,913486.68,High,2220.58,1747.29,-917.7,4606.64,1042.85,0.0,873.62
2026-02-28,Saturday,February,2026,1,0.0,693.6,0.0,0.0,4269.14,4962.74,-4962.74,908523.94,High,2822.54,1810.74,-1519.66,6603.02,749.05,0.0,1117.27
2026-03-01,Sunday,March,2026,1,38025.8,540.32,0.0,0.0,189.6,729.92,37295.88,945819.82,Low,2722.97,1638.05,2709.29,4962.74,1426.9,0.0192,2170.84
2026-03-02,Monday,March,2026,0,0.0,489.42,0.0,169.19,162.87,821.48,-821.48,944998.34,Low,2751.23,1532.78,2681.03,729.92,623.67,0.0,3358.86
2026-03-03,Tuesday,March,2026,0,0.0,313.85,0.0,160.01,203.52,677.38,-677.38,944320.96,Low,2756.88,1528.06,2675.37,821.48,637.77,0.0,756.87
2026-03-04,Wednesday,March,2026,0,0.0,391.72,0.0,166.93,268.63,827.28,-827.28,943493.68,Low,2746.92,1530.56,2685.33,677.38,897.01,0.0,1557.2
2026-03-05,Thursday,March,2026,0,0.0,345.37,0.0,218.72,117.45,681.54,-681.54,942812.14,Low,2186.19,1533.4,3246.06,827.28,4606.64,0.0,632.59
2026-03-06,Friday,March,2026,0,0.0,596.16,0.0,185.91,91.55,873.62,-873.62,941938.52,Low,1367.71,1538.18,4064.55,681.54,6603.02,0.0,992.59
2026-03-07,Saturday,March,2026,1,0.0,673.11,0.0,271.21,172.95,1117.27,-1117.27,940821.25,Low,818.36,1548.85,4613.9,873.62,4962.74,0.0,791.57
2026-03-08,Sunday,March,2026,1,0.0,715.02,0.0,1166.57,289.25,2170.84,-2170.84,938650.41,Medium,1024.2,1589.9,-1024.2,1117.27,729.92,0.0,4035.29
2026-03-09,Monday,March,2026,0,0.0,436.09,2658.78,125.51,138.48,3358.86,-3358.86,935291.55,Medium,1386.68,1678.49,-1386.68,2170.84,821.48,0.0,853.08
2026-03-10,Tuesday,March,2026,0,0.0,297.72,0.0,205.19,253.96,756.87,-756.87,934534.68,Low,1398.04,1673.47,-1398.04,3358.86,677.38,0.0,851.92
2026-03-11,Wednesday,March,2026,0,0.0,541.46,553.88,175.18,286.68,1557.2,-1557.2,932977.48,Medium,1502.31,1702.39,-1502.31,756.87,827.28,0.0,858.84
2026-03-12,Thursday,March,2026,0,0.0,328.44,0.0,134.99,169.16,632.59,-632.59,932344.89,Low,1495.32,1698.11,-1495.32,1557.2,681.54,0.0,1027.33
2026-03-13,Friday,March,2026,0,7150.94,499.31,0.0,211.33,281.95,992.59,6158.35,938503.24,Low,1512.32,1699.97,-490.75,632.59,873.62,0.1388,944.38
2026-03-14,Saturday,March,2026,1,0.0,557.55,0.0,0.0,234.02,791.57,-791.57,937711.67,Low,1465.79,1704.47,-444.23,992.59,1117.27,0.0,1302.49
2026-03-15,Sunday,March,2026,1,37599.12,625.9,0.0,3194.58,214.81,4035.29,33563.83,971275.5,Medium,1732.14,1694.53,4660.73,791.57,2170.84,0.1073,792.63
2026-03-16,Monday,March,2026,0,0.0,498.92,0.0,164.63,189.53,853.08,-853.08,970422.42,Low,1374.17,1687.56,5018.7,4035.29,3358.86,0.0,1011.46
2026-03-17,Tuesday,March,2026,0,0.0,402.97,0.0,173.01,275.94,851.92,-851.92,969570.5,Low,1387.75,1686.25,5005.12,853.08,756.87,0.0,731.14
2026-03-18,Wednesday,March,2026,0,0.0,543.7,0.0,185.96,129.18,858.84,-858.84,968711.66,Low,1287.98,1641.07,5104.88,851.92,1557.2,0.0,627.57
2026-03-19,Thursday,March,2026,0,6665.56,556.7,0.0,232.59,238.04,1027.33,5638.23,974349.89,Low,1344.37,1646.47,6000.71,858.84,632.59,0.1541,1011.7
2026-03-20,Friday,March,2026,0,0.0,525.26,0.0,123.38,295.74,944.38,-944.38,973405.51,Low,1337.49,1655.33,4986.04,1027.33,992.59,0.0,2802.52
2026-03-21,Saturday,March,2026,1,0.0,694.99,0.0,393.55,213.95,1302.49,-1302.49,972103.02,Low,1410.48,1580.4,4913.05,944.38,791.57,0.0,3899.45
2026-03-22,Sunday,March,2026,1,6898.49,530.88,0.0,0.0,261.75,792.63,6105.86,978208.88,Low,947.24,1572.06,990.48,1302.49,4035.29,0.1149,4953.41
2026-03-23,Monday,March,2026,0,0.0,564.63,0.0,153.81,293.02,1011.46,-1011.46,977197.42,Low,969.86,1580.81,967.86,792.63,853.08,0.0,4383.63
2026-03-24,Tuesday,March,2026,0,0.0,402.31,0.0,150.85,177.98,731.14,-731.14,976466.28,Low,952.61,1557.61,985.11,1011.46,851.92,0.0,2738.71
2026-03-25,Wednesday,March,2026,0,0.0,376.92,0.0,177.09,73.56,627.57,-627.57,975838.71,Low,919.57,1557.74,1018.15,731.14,858.84,0.0,869.45
2026-03-26,Thursday,March,2026,0,0.0,583.7,0.0,198.37,229.63,1011.7,-1011.7,974827.01,Low,917.34,1570.21,68.16,627.57,1027.33,0.0,1316.77
2026-03-27,Friday,March,2026,0,0.0,418.63,420.33,204.42,1759.14,2802.52,-2802.52,972024.49,Medium,1182.79,1633.73,-197.29,1011.7,944.38,0.0,856.7
2026-03-28,Saturday,March,2026,1,0.0,460.69,0.0,266.03,3172.73,3899.45,-3899.45,968125.04,High,1553.78,1610.15,-568.28,2802.52,1302.49,0.0,6293.77
2026-03-29,Sunday,March,2026,1,0.0,605.59,0.0,0.0,4347.82,4953.41,-4953.41,963171.63,High,2148.18,1555.17,-2148.18,3899.45,792.63,0.0,1080.52
2026-03-30,Monday,March,2026,0,0.0,554.12,525.26,264.84,3039.41,4383.63,-4383.63,958788.0,High,2629.92,1535.86,-2629.92,4953.41,1011.46,0.0,2470.15
2026-03-31,Tuesday,March,2026,0,0.0,514.81,0.0,54.46,2169.44,2738.71,-2738.71,956049.29,Medium,2916.71,1602.82,-2916.71,4383.63,731.14,0.0,731.05
2026-04-01,Wednesday,April,2026,0,37681.77,409.54,0.0,240.08,219.83,869.45,36812.32,992861.61,Low,2951.27,1604.42,2431.84,2738.71,627.57,0.0231,959.26
2026-04-02,Thursday,April,2026,0,0.0,553.1,543.62,127.41,92.64,1316.77,-1316.77,991544.84,Low,2994.85,1625.73,2388.26,869.45,1011.7,0.0,843.67
2026-04-03,Friday,April,2026,0,0.0,421.22,0.0,194.82,240.66,856.7,-856.7,990688.14,Low,2716.87,1626.71,2666.24,1316.77,2802.52,0.0,2211.07
2026-04-04,Saturday,April,2026,1,0.0,463.27,0.0,147.89,5682.61,6293.77,-6293.77,984394.37,High,3058.92,1813.79,2324.19,856.7,3899.45,0.0,788.37
2026-04-05,Sunday,April,2026,1,0.0,603.77,0.0,271.12,205.63,1080.52,-1080.52,983313.85,Low,2505.65,1820.69,2877.46,6293.77,4953.41,0.0,817.59
2026-04-06,Monday,April,2026,0,0.0,461.35,1798.91,155.28,54.61,2470.15,-2470.15,980843.7,Medium,2232.3,1865.78,3150.81,1080.52,4383.63,0.0,773.14
2026-04-07,Tuesday,April,2026,0,0.0,395.74,0.0,202.66,132.65,731.05,-731.05,980112.65,Low,1945.49,1817.79,3437.62,2470.15,2738.71,0.0,4285.8
2026-04-08,Wednesday,April,2026,0,0.0,468.04,0.0,233.37,257.85,959.26,-959.26,979153.39,Low,1958.32,1737.8,-1958.32,731.05,869.45,0.0,1871.78
2026-04-09,Thursday,April,2026,0,0.0,431.3,0.0,120.62,291.75,843.67,-843.67,978309.72,Low,1890.73,1740.69,-1890.73,959.26,1316.77,0.0,1871.78
2026-04-10,Friday,April,2026,0,0.0,1644.97,155.29,213.84,196.97,2211.07,-2211.07,976098.65,Medium,2084.21,1762.49,-2084.21,843.67,856.7,0.0,1871.78
2026-04-11,Saturday,April,2026,1,0.0,620.6,0.0,0.0,167.77,788.37,-788.37,975310.28,Low,1297.73,1767.68,-1297.73,2211.07,6293.77,0.0,1871.78
2026-04-12,Sunday,April,2026,1,0.0,537.03,0.0,0.0,280.56,817.59,-817.59,974492.69,Low,1260.17,1761.85,-1260.17,788.37,1080.52,0.0,1871.78
2026-04-13,Monday,April,2026,0,0.0,406.95,0.0,222.51,143.68,773.14,-773.14,973719.55,Low,1017.74,1761.24,-1017.74,817.59,2470.15,0.0,1871.78
2026-04-14,Tuesday,April,2026,0,0.0,373.72,0.0,173.61,3738.47,4285.8,-4285.8,969433.75,High,1525.56,1769.59,-1525.56,773.14,731.05,0.0,1871.78
